Rank,Video Count,Channel Name,YouTube Channel URL (estimated),Sample Video URL
1,72,"OutboundScape",https://www.youtube.com/@OutboundScape,https://www.youtube.com/watch?v=YSOReMiYKMM
2,23,"ì‹¼íƒ€TV",https://www.youtube.com/@%EC%8B%BC%ED%83%80TV,https://www.youtube.com/watch?v=GkopP_xRnDw
3,15,"êµ­ë¦½ê³µì›TV",https://www.youtube.com/@%EA%B5%AD%EB%A6%BD%EA%B3%B5%EC%9B%90TV,https://www.youtube.com/watch?v=OKBCF9D2C48
4,14,"EBSDocumentary (EBS ë‹¤í)",https://www.youtube.com/@EBSDocumentaryEBS%EB%8B%A4%ED%81%90,https://www.youtube.com/watch?v=kTb-qQvb3NQ
5,10,"ì‚°íƒ€ëŠ” JSun",https://www.youtube.com/@%EC%82%B0%ED%83%80%EB%8A%94JSun,https://www.youtube.com/watch?v=JwVQ6XkFysU
6,6,"ì¢‹ì€ì•„ì¹¨TV-ì‚°í–‰ íŠ¸ë ˆí‚¹",https://www.youtube.com/@%EC%A2%8B%EC%9D%80%EC%95%84%EC%B9%A8TV%EC%82%B0%ED%96%89%ED%8A%B8%EB%A0%88%ED%82%B9,https://www.youtube.com/watch?v=gt5MFLyMbUc
7,5,"ì‚° ì†ì— ë°±ë§Œì†¡í¬",https://www.youtube.com/@%EC%82%B0%EC%86%8D%EC%97%90%EB%B0%B1%EB%A7%8C%EC%86%A1%ED%9D%AC,https://www.youtube.com/watch?v=FTcFtVjgGjs
8,5,"ì‚°ì†Œë¦¬",https://www.youtube.com/@%EC%82%B0%EC%86%8C%EB%A6%AC,https://www.youtube.com/watch?v=0Z6WwWA7cTU
9,5,"ì—¬í–‰ë¸Œë¡œì…” - ì¶œë°œ ì „ì— ê¼­ ë´ì•¼í•´!",https://www.youtube.com/@%EC%97%AC%ED%96%89%EB%B8%8C%EB%A1%9C%EC%85%94%EC%B6%9C%EB%B0%9C%EC%A0%84%EC%97%90%EA%BC%AD%EB%B4%90%EC%95%BC%ED%95%B4,https://www.youtube.com/watch?v=ETs1djwaE0g
10,5,"ì—¬í–‰ON-ì—¬í–‰ ì—í‹°í„°ì˜ ì—¬í–‰ì •ë³´",https://www.youtube.com/@%EC%97%AC%ED%96%89ON%EC%97%AC%ED%96%89%EC%97%90%ED%8B%B0%ED%84%B0%EC%9D%98%EC%97%AC%ED%96%89%EC%A0%95%EB%B3%B4,https://www.youtube.com/watch?v=JeqDeHIGYcc
11,4,"ì˜¤ì¦ˆì˜ë§ˆìš´í‹´ OZ's mountain",https://www.youtube.com/@%EC%98%A4%EC%A6%88%EC%9D%98%EB%A7%88%EC%9A%B4%ED%8B%B4OZsmountain,https://www.youtube.com/watch?v=e0syY92cDho
12,4,"íƒœê¸°ë£¨íŠ¸ STVì±„ë„",https://www.youtube.com/@%ED%83%9C%EA%B8%B0%EB%A3%A8%ED%8A%B8STV%EC%B1%84%EB%84%90,https://www.youtube.com/watch?v=nrttOb2CxaU
13,4,"ë§›ë“±ì‚°",https://www.youtube.com/@%EB%A7%9B%EB%93%B1%EC%82%B0,https://www.youtube.com/watch?v=-0ufuc-arr0
14,4,"ì˜¤ë¥´ë‹¤ íŠ¸ë ˆí‚¹",https://www.youtube.com/@%EC%98%A4%EB%A5%B4%EB%8B%A4%ED%8A%B8%EB%A0%88%ED%82%B9,https://www.youtube.com/watch?v=fYhs9YzLgm4
15,4,"Imagine Your Korea",https://www.youtube.com/@ImagineYourKorea,https://www.youtube.com/watch?v=lCxu7yRkklw
16,3,"ì¬ì£¼í•„ë¦„",https://www.youtube.com/@%EC%9E%AC%EC%A3%BC%ED%95%84%EB%A6%84,https://www.youtube.com/watch?v=_F7CZWHiFt0
17,3,"ì–‘ìŠ¹ê´€ê¸°ìì˜ì–´ë¶€ì‚¬ì‹œì‚¬",https://www.youtube.com/@%EC%96%91%EC%8A%B9%EA%B4%80%EA%B8%B0%EC%9E%90%EC%9D%98%EC%96%B4%EB%B6%80%EC%82%AC%EC%8B%9C%EC%82%AC,https://www.youtube.com/watch?v=5HV-gQ0uqcU
18,3,"Rock Music",https://www.youtube.com/@RockMusic,https://www.youtube.com/watch?v=UcY4t5kNN6c
19,3,"ì‚°ì¥ì§€ê¸°",https://www.youtube.com/@%EC%82%B0%EC%9E%A5%EC%A7%80%EA%B8%B0,https://www.youtube.com/watch?v=8sYdB1IjuxA
20,3,"ì—¬ìˆ˜MBCPrime",https://www.youtube.com/@%EC%97%AC%EC%88%98MBCPrime,https://www.youtube.com/watch?v=o1aHZHM-XbQ
21,3,"ì œì²œë‰´ìŠ¤ìœˆ  ",https://www.youtube.com/@%EC%A0%9C%EC%B2%9C%EB%89%B4%EC%8A%A4%EC%9C%88,https://www.youtube.com/watch?v=IFku5u6QvaA
22,3,"tzuyangì¯”ì–‘",https://www.youtube.com/@tzuyang%EC%AF%94%EC%96%91,https://www.youtube.com/watch?v=F7X1tougqpk
23,2,"ì½”ë¦¬ì•ˆì˜¤ì•„ì‹œìŠ¤(KoreanOasis) í•œêµ­ì—­ì‚¬ë¬¸í™”ìœ ì‚°",https://www.youtube.com/@%EC%BD%94%EB%A6%AC%EC%95%88%EC%98%A4%EC%95%84%EC%8B%9C%EC%8A%A4KoreanOasis%ED%95%9C%EA%B5%AD%EC%97%AD%EC%82%AC%EB%AC%B8%ED%99%94%EC%9C%A0%EC%82%B0,https://www.youtube.com/watch?v=HxyWT1N3df0
24,2,"ì—¬í–‰í†¡í†¡",https://www.youtube.com/@%EC%97%AC%ED%96%89%ED%86%A1%ED%86%A1,https://www.youtube.com/watch?v=4HVM7IgM-ps
25,2,"ì†ì•ˆTV",https://www.youtube.com/@%EC%86%90%EC%95%88TV,https://www.youtube.com/watch?v=OnG_iC41NEo
26,2,"Remy Allis",https://www.youtube.com/@RemyAllis,https://www.youtube.com/watch?v=p7JBqRoC13E
27,2,"ì´ìˆ¨ë‹ˆ",https://www.youtube.com/@%EC%9D%B4%EC%88%A8%EB%8B%88,https://www.youtube.com/watch?v=v4qRxlal3Bk
28,2,"ë‹¤ë¬µë¶€ë¶€ damookbubu",https://www.youtube.com/@%EB%8B%A4%EB%AC%B5%EB%B6%80%EB%B6%80damookbubu,https://www.youtube.com/watch?v=j5rios5kfAY
29,2,"ì²´ì²´ì²´ê°€ ë‹¬ë¦°ë‹¤",https://www.youtube.com/@%EC%B2%B4%EC%B2%B4%EC%B2%B4%EA%B0%80%EB%8B%AC%EB%A6%B0%EB%8B%A4,https://www.youtube.com/watch?v=2-JAXCaSlaw
30,2,"ì‚°ì´ë‘TV-ë“±ì‚°",https://www.youtube.com/@%EC%82%B0%EC%9D%B4%EB%9E%91TV%EB%93%B1%EC%82%B0,https://www.youtube.com/watch?v=J4OBDCoHfss
31,2,"ì‚°ë“¤ì‚°ë“¤ ì€í•˜",https://www.youtube.com/@%EC%82%B0%EB%93%A4%EC%82%B0%EB%93%A4%EC%9D%80%ED%95%98,https://www.youtube.com/watch?v=oCOdyk9WCig
32,2,"êµ­ì œì‹ ë¬¸ ê·¼êµì‚°",https://www.youtube.com/@%EA%B5%AD%EC%A0%9C%EC%8B%A0%EB%AC%B8%EA%B7%BC%EA%B5%90%EC%82%B0,https://www.youtube.com/watch?v=IWCuxEZBXLM
33,2,"ì•„ì›ƒë„ì–´íë ˆì´í„°",https://www.youtube.com/@%EC%95%84%EC%9B%83%EB%8F%84%EC%96%B4%ED%81%90%EB%A0%88%EC%9D%B4%ED%84%B0,https://www.youtube.com/watch?v=LatCKw8m938
34,2,"ì´ì‹œì˜ì˜ ë•€í‹° LeesiyoungTV",https://www.youtube.com/@%EC%9D%B4%EC%8B%9C%EC%98%81%EC%9D%98%EB%95%80%ED%8B%B0LeesiyoungTV,https://www.youtube.com/watch?v=0WKfqLoUwNk
35,2,"[ë¹µì´ë„¤]ìº í•‘&ì—¬í–‰TV",https://www.youtube.com/@%EB%B9%B5%EC%9D%B4%EB%84%A4%EC%BA%A0%ED%95%91%EC%97%AC%ED%96%89TV,https://www.youtube.com/watch?v=JG5H-szuOGI
36,2,"ì•„ì¬ì™€ë‘˜ë ˆê¸¸",https://www.youtube.com/@%EC%95%84%EC%9E%AC%EC%99%80%EB%91%98%EB%A0%88%EA%B8%B8,https://www.youtube.com/watch?v=nbdhes1o7vI
37,2,"êµ­ê°€ìœ ì‚°ì±„ë„(K-Heritage Channel)",https://www.youtube.com/@%EA%B5%AD%EA%B0%80%EC%9C%A0%EC%82%B0%EC%B1%84%EB%84%90KHeritageChannel,https://www.youtube.com/watch?v=5b1QhdHO_Hs
38,2,"Man and Nature ì¸ê°„ê³¼ ìì—°",https://www.youtube.com/@ManandNature%EC%9D%B8%EA%B0%84%EA%B3%BC%EC%9E%90%EC%97%B0,https://www.youtube.com/watch?v=J-D6FaWEZ5I
39,2,"EBS ì»¬ë ‰ì…˜ - ë¼ì´í”„ìŠ¤íƒ€ì¼",https://www.youtube.com/@EBS%EC%BB%AC%EB%A0%89%EC%85%98%EB%9D%BC%EC%9D%B4%ED%94%84%EC%8A%A4%ED%83%80%EC%9D%BC,https://www.youtube.com/watch?v=051hpRDBKVs
40,2,"ì—°í•©ë‰´ìŠ¤TV",https://www.youtube.com/@%EC%97%B0%ED%95%A9%EB%89%B4%EC%8A%A4TV,https://www.youtube.com/watch?v=TJj9rL9Tn64
41,2,"êµ­ë¦½ìˆ˜ëª©ì›",https://www.youtube.com/@%EA%B5%AD%EB%A6%BD%EC%88%98%EB%AA%A9%EC%9B%90,https://www.youtube.com/watch?v=LUHq7fBwgUc
42,2,"ë¼ë¼ì˜ ì§‘ì‹œ ë¼ì´í”„ ",https://www.youtube.com/@%EB%9D%BC%EB%9D%BC%EC%9D%98%EC%A7%91%EC%8B%9C%EB%9D%BC%EC%9D%B4%ED%94%84,https://www.youtube.com/watch?v=7SRLusGFlZ4
43,2," YTN",https://www.youtube.com/@YTN,https://www.youtube.com/watch?v=X6BhegJBU74
44,2,"TVìƒë¬¼ë„ê°",https://www.youtube.com/@TV%EC%83%9D%EB%AC%BC%EB%8F%84%EA%B0%90,https://www.youtube.com/watch?v=rtJzZPJsAko
45,2,"ìŠ¤ìœ„í‹°ë¡œë¯¸ sweetieRomy",https://www.youtube.com/@%EC%8A%A4%EC%9C%84%ED%8B%B0%EB%A1%9C%EB%AF%B8sweetieRomy,https://www.youtube.com/watch?v=1aLzata7XGM
46,2,"ì„œìš¸ëŒ€ê³µì›TV",https://www.youtube.com/@%EC%84%9C%EC%9A%B8%EB%8C%80%EA%B3%B5%EC%9B%90TV,https://www.youtube.com/watch?v=YQMIHS0iQL4
47,2,"ìœ ë¦¬ì†Œë¦¬TV",https://www.youtube.com/@%EC%9C%A0%EB%A6%AC%EC%86%8C%EB%A6%ACTV,https://www.youtube.com/watch?v=JKEhaQFwqVI
48,2,"ë‚´ìš©ìˆë„¤",https://www.youtube.com/@%EB%82%B4%EC%9A%A9%EC%9E%88%EB%84%A4,https://www.youtube.com/watch?v=DuMQuRr12Ak
49,2,"ì¦ë‚šTV",https://www.youtube.com/@%EC%A6%90%EB%82%9ATV,https://www.youtube.com/watch?v=2D3UphFkH5M
50,2,"Embrace nature(ìì—°ì„ í’ˆë‹¤)",https://www.youtube.com/@Embracenature%EC%9E%90%EC%97%B0%EC%9D%84%ED%92%88%EB%8B%A4,https://www.youtube.com/watch?v=VwuYxcjLDqo
51,2,"MBCê°•ì›ì˜ë™",https://www.youtube.com/@MBC%EA%B0%95%EC%9B%90%EC%98%81%EB%8F%99,https://www.youtube.com/watch?v=cYZRA7tB_8Y
52,2,"Kim Seohyun -South Korea",https://www.youtube.com/@KimSeohyunSouthKorea,https://www.youtube.com/watch?v=WmnhC8mdZJs
53,2,"ì´ì²œìŒ€ì§‘TV",https://www.youtube.com/@%EC%9D%B4%EC%B2%9C%EC%8C%80%EC%A7%91TV,https://www.youtube.com/watch?v=JRC__TXSi64
54,2,"ì´ì²œì‹œì²­",https://www.youtube.com/@%EC%9D%B4%EC%B2%9C%EC%8B%9C%EC%B2%AD,https://www.youtube.com/watch?v=L96X9zCKDUE
55,2,"í”¼ì‹±ì•„ë©”ë¦¬ì¹´",https://www.youtube.com/@%ED%94%BC%EC%8B%B1%EC%95%84%EB%A9%94%EB%A6%AC%EC%B9%B4,https://www.youtube.com/watch?v=8tMxv48Ixbg
56,2,"ë‚šì‹œì¢‹ì•„",https://www.youtube.com/@%EB%82%9A%EC%8B%9C%EC%A2%8B%EC%95%84,https://www.youtube.com/watch?v=7pOSh11mGw4
57,2,"ì „ë¶íŠ¹ë³„ìì¹˜ë„",https://www.youtube.com/@%EC%A0%84%EB%B6%81%ED%8A%B9%EB%B3%84%EC%9E%90%EC%B9%98%EB%8F%84,https://www.youtube.com/watch?v=FGM06Uh-Y6Y
58,2,"Yong Gab Bak",https://www.youtube.com/@YongGabBak,https://www.youtube.com/watch?v=kpBXqvo-5KY
59,2,"KBS êµì–‘",https://www.youtube.com/@KBS%EA%B5%90%EC%96%91,https://www.youtube.com/watch?v=qAcaleBxrRY
60,2,"ì”ë‚˜ë¹„ JANNABI",https://www.youtube.com/@%EC%9E%94%EB%82%98%EB%B9%84JANNABI,https://www.youtube.com/watch?v=9vcheAADvjg
61,2,"ì§„ê°ë…tv",https://www.youtube.com/@%EC%A7%84%EA%B0%90%EB%8F%85tv,https://www.youtube.com/watch?v=Arq2Y2vkGyI
62,2,"ë¶€ì‚° ê¼´í†µí• ë°° TV",https://www.youtube.com/@%EB%B6%80%EC%82%B0%EA%BC%B4%ED%86%B5%ED%95%A0%EB%B0%B0TV,https://www.youtube.com/watch?v=ZM7EsBFLvCw
63,2,"ê·œìŠë­ê°€ì´ë“œ",https://www.youtube.com/@%EA%B7%9C%EC%8A%90%EB%9E%AD%EA%B0%80%EC%9D%B4%EB%93%9C,https://www.youtube.com/watch?v=BpqC6lGTous
64,2,"ë‘˜ì‹œë„¤ì•„ dulcinea",https://www.youtube.com/@%EB%91%98%EC%8B%9C%EB%84%A4%EC%95%84dulcinea,https://www.youtube.com/watch?v=w1L_zC_-urg
65,2,"MBN Entertainment",https://www.youtube.com/@MBNEntertainment,https://www.youtube.com/watch?v=Oc7ucHocEr8
66,2,"ë§›ìƒë¬´",https://www.youtube.com/@%EB%A7%9B%EC%83%81%EB%AC%B4,https://www.youtube.com/watch?v=ILHnfFO5E7o
67,1,"AI íŠ¸ë¦½ìŠ¤",https://www.youtube.com/@AI%ED%8A%B8%EB%A6%BD%EC%8A%A4,https://www.youtube.com/watch?v=o3vAm5Z8fdY
68,1,"êµ¬ì„êµ¬ì„ ê¹€ëŒì´ Kim Dori in every corner",https://www.youtube.com/@%EA%B5%AC%EC%84%9D%EA%B5%AC%EC%84%9D%EA%B9%80%EB%8F%8C%EC%9D%B4KimDoriineverycorner,https://www.youtube.com/watch?v=1VxV2QpVwmI
69,1,"leekyub",https://www.youtube.com/@leekyub,https://www.youtube.com/watch?v=0WAQ9ZfdGMk
70,1,"KOREA 4K",https://www.youtube.com/@KOREA4K,https://www.youtube.com/watch?v=T5-V23lEPy0
71,1,"FILM noname",https://www.youtube.com/@FILMnoname,https://www.youtube.com/watch?v=WDqBdfx7hso
72,1,"Sam and JJ",https://www.youtube.com/@SamandJJ,https://www.youtube.com/watch?v=k1qZBGcU8no
73,1,"Mark Wiens",https://www.youtube.com/@MarkWiens,https://www.youtube.com/watch?v=N-zrjBpKGiI
74,1,"KTO MENA TV - Ù‡ÙŠØ¦Ø© Ø§Ù„Ø³ÙŠØ§Ø­Ø© Ø§Ù„ÙƒÙˆØ±ÙŠØ©",https://www.youtube.com/@KTOMENATV,https://www.youtube.com/watch?v=ZreotpsIzN8
75,1,"Bang Fakhri",https://www.youtube.com/@BangFakhri,https://www.youtube.com/watch?v=Wds5SlIJbrE
76,1,"JAPINAY AKANE 3.26 ",https://www.youtube.com/@JAPINAYAKANE326,https://www.youtube.com/watch?v=prOAMFrj6Ws
77,1,"ì¼íƒˆìº í•‘",https://www.youtube.com/@%EC%9D%BC%ED%83%88%EC%BA%A0%ED%95%91,https://www.youtube.com/watch?v=WdgfGvYG8VY
78,1,"ì„­ì´ë‘ìˆ˜ë‹ˆë‘ Travel & Climbing story",https://www.youtube.com/@%EC%84%AD%EC%9D%B4%EB%9E%91%EC%88%98%EB%8B%88%EB%9E%91TravelClimbingstory,https://www.youtube.com/watch?v=Pesq-cBEYqU
79,1,"ì—¬í–‰ì„ ì†Œê°œí•˜ëŠ” ì–¸ë‹ˆ",https://www.youtube.com/@%EC%97%AC%ED%96%89%EC%9D%84%EC%86%8C%EA%B0%9C%ED%95%98%EB%8A%94%EC%96%B8%EB%8B%88,https://www.youtube.com/watch?v=W2Dmnft3IC4
80,1,"Nature Beauty",https://www.youtube.com/@NatureBeauty,https://www.youtube.com/watch?v=GHBCYJydztk
81,1,"ì˜ˆë‚˜ì•„ë¹ ",https://www.youtube.com/@%EC%98%88%EB%82%98%EC%95%84%EB%B9%A0,https://www.youtube.com/watch?v=qPzXLEvUhZA
82,1,"ì–´ë¼ìš´ë”ì½”ë„ˆ AROUND THE CONNOR",https://www.youtube.com/@%EC%96%B4%EB%9D%BC%EC%9A%B4%EB%8D%94%EC%BD%94%EB%84%88AROUNDTHECONNOR,https://www.youtube.com/watch?v=kHGYi1Au16Y
83,1,"ìì—°ì†ìœ¼ë¡œTV",https://www.youtube.com/@%EC%9E%90%EC%97%B0%EC%86%8D%EC%9C%BC%EB%A1%9CTV,https://www.youtube.com/watch?v=AMnw1YsQdow
84,1,"ê¾¸ë©”ì§‘TV",https://www.youtube.com/@%EA%BE%B8%EB%A9%94%EC%A7%91TV,https://www.youtube.com/watch?v=rPWK3Vl4Hlo
85,1,"Korea Traveler",https://www.youtube.com/@KoreaTraveler,https://www.youtube.com/watch?v=1b59TK-uPQo
86,1,"Dikong Channel",https://www.youtube.com/@DikongChannel,https://www.youtube.com/watch?v=zCBEEumwKls
87,1,"ê±´ì§€ë¶€ë¶€",https://www.youtube.com/@%EA%B1%B4%EC%A7%80%EB%B6%80%EB%B6%80,https://www.youtube.com/watch?v=sZ11fwuWAe0
88,1,"DynapicKorea",https://www.youtube.com/@DynapicKorea,https://www.youtube.com/watch?v=rXlsj71PymQ
89,1,"Angel Yap Channel",https://www.youtube.com/@AngelYapChannel,https://www.youtube.com/watch?v=gcbn31aguRg
90,1,"Korea Street View",https://www.youtube.com/@KoreaStreetView,https://www.youtube.com/watch?v=5tirM1ycweo
91,1,"Promistar",https://www.youtube.com/@Promistar,https://www.youtube.com/watch?v=SnVxVWqXNkU
92,1,"131online",https://www.youtube.com/@131online,https://www.youtube.com/watch?v=5GaVA3ebKCo
93,1,"ìˆ™ì†Œì™•",https://www.youtube.com/@%EC%88%99%EC%86%8C%EC%99%95,https://www.youtube.com/watch?v=miwFKe1o_uU
94,1,"ìœ„í—˜í•œ ë¶€ë™ì‚°",https://www.youtube.com/@%EC%9C%84%ED%97%98%ED%95%9C%EB%B6%80%EB%8F%99%EC%82%B0,https://www.youtube.com/watch?v=zRTls1xd3OI
95,1,"ìŠ¤ë…¸íŒŒíŒŒ SNOWPAPA",https://www.youtube.com/@%EC%8A%A4%EB%85%B8%ED%8C%8C%ED%8C%8CSNOWPAPA,https://www.youtube.com/watch?v=0mhpT6cdTnU
96,1,"Shin Seong - Topic",https://www.youtube.com/@ShinSeongTopic,https://www.youtube.com/watch?v=iZuOM0BrBC4
97,1,"ì°Œë‹ˆ JIN",https://www.youtube.com/@%EC%B0%8C%EB%8B%88JIN,https://www.youtube.com/watch?v=_-KyrP1O4lQ
98,1,"ì˜¤ë¼ë„¤ Ok Lion Nature",https://www.youtube.com/@%EC%98%A4%EB%9D%BC%EB%84%A4OkLionNature,https://www.youtube.com/watch?v=nVQUcZaI9iw
99,1,"ê·¸ëƒ¥ë– ë‚˜ì Justleave",https://www.youtube.com/@%EA%B7%B8%EB%83%A5%EB%96%A0%EB%82%98%EC%9E%90Justleave,https://www.youtube.com/watch?v=q7JuR_2684g
100,1,"ìº í•‘ ì¦ê¸°ëŠ” ë‚¨ì ìº í¼ì¡°ì´",https://www.youtube.com/@%EC%BA%A0%ED%95%91%EC%A6%90%EA%B8%B0%EB%8A%94%EB%82%A8%EC%9E%90%EC%BA%A0%ED%8D%BC%EC%A1%B0%EC%9D%B4,https://www.youtube.com/watch?v=yXbGrpVmOCU
101,1,"ì°íŒ¨ì»¤ PictureGuy",https://www.youtube.com/@%EC%B0%8D%ED%8C%A8%EC%BB%A4PictureGuy,https://www.youtube.com/watch?v=VqTr464NHyo
102,1,"ëŒ€í•œë¯¼êµ­ì‚¬ìš©ì„¤ëª…ì„œ",https://www.youtube.com/@%EB%8C%80%ED%95%9C%EB%AF%BC%EA%B5%AD%EC%82%AC%EC%9A%A9%EC%84%A4%EB%AA%85%EC%84%9C,https://www.youtube.com/watch?v=s6DouofT_u0
103,1,"ë¸”ë£¨ë¬¸ ì—¬í–‰ì Bluemoon Traveler",https://www.youtube.com/@%EB%B8%94%EB%A3%A8%EB%AC%B8%EC%97%AC%ED%96%89%EC%9E%90BluemoonTraveler,https://www.youtube.com/watch?v=aLDn6LRUe7w
104,1,"ë°©ì†¡ëŒ€ ì§€ì‹+",https://www.youtube.com/@%EB%B0%A9%EC%86%A1%EB%8C%80%EC%A7%80%EC%8B%9D,https://www.youtube.com/watch?v=h3N7j4MoFUM
105,1,"FOXandBEAR ì—¬ìš°ê³°ì±„ë„",https://www.youtube.com/@FOXandBEAR%EC%97%AC%EC%9A%B0%EA%B3%B0%EC%B1%84%EB%84%90,https://www.youtube.com/watch?v=jUkvyBYS7g8
106,1,"K Guardian Angel",https://www.youtube.com/@KGuardianAngel,https://www.youtube.com/watch?v=vjdk1Qhex7k
107,1,"Doorung â€œì´ì•¼ê¸°ê°€ ìˆëŠ” ì—¬í–‰â€ ì´ì•¼ê¸°ê°€ ìˆëŠ” ì—¬í–‰ ë‘ë ,",https://www.youtube.com/@Doorung%EC%9D%B4%EC%95%BC%EA%B8%B0%EA%B0%80%EC%9E%88%EB%8A%94%EC%97%AC%ED%96%89%EC%9D%B4%EC%95%BC%EA%B8%B0%EA%B0%80%EC%9E%88%EB%8A%94%EC%97%AC%ED%96%89%EB%91%90%EB%A0%81,https://www.youtube.com/watch?v=K1ReMxToSMA
108,1,"Korea Happy Together Travel",https://www.youtube.com/@KoreaHappyTogetherTravel,https://www.youtube.com/watch?v=256wE7TA3YY
109,1,"EBS ENGLISH",https://www.youtube.com/@EBSENGLISH,https://www.youtube.com/watch?v=nTlMz-Tqbyg
110,1,"ë‚¨ì‚°ê³¨í•œì˜¥ë§ˆì„",https://www.youtube.com/@%EB%82%A8%EC%82%B0%EA%B3%A8%ED%95%9C%EC%98%A5%EB%A7%88%EC%9D%84,https://www.youtube.com/watch?v=iSoXRGtsLPw
111,1,"Andy",https://www.youtube.com/@Andy,https://www.youtube.com/watch?v=yo3EIAYWo00
112,1,"êµ­ì œêµë¥˜ë¬¸í™”ì§„í¥ì›",https://www.youtube.com/@%EA%B5%AD%EC%A0%9C%EA%B5%90%EB%A5%98%EB%AC%B8%ED%99%94%EC%A7%84%ED%9D%A5%EC%9B%90,https://www.youtube.com/watch?v=9Y7UVpHr3Yk
113,1,"JohnYoung Lee.    ì–‘ê°ì‚°",https://www.youtube.com/@JohnYoungLee%EC%96%91%EA%B0%81%EC%82%B0,https://www.youtube.com/watch?v=bPSFPuXa6Eo
114,1,"Ebookers Korea-Wellness Medical Tourism",https://www.youtube.com/@EbookersKoreaWellnessMedicalTourism,https://www.youtube.com/watch?v=bdImDtKthAA
115,1,"ìŠ¤ë¸ŒìŠ¤ë‰´ìŠ¤ SUBUSUNEWS",https://www.youtube.com/@%EC%8A%A4%EB%B8%8C%EC%8A%A4%EB%89%B4%EC%8A%A4SUBUSUNEWS,https://www.youtube.com/watch?v=twYELrPju_M
116,1,"ì°¬ì°¬íˆ¬ì–´",https://www.youtube.com/@%EC%B0%AC%EC%B0%AC%ED%88%AC%EC%96%B4,https://www.youtube.com/watch?v=7CSEEwiKnUc
117,1,"ìœ ì„±ë¹„ë¹„ USungBB",https://www.youtube.com/@%EC%9C%A0%EC%84%B1%EB%B9%84%EB%B9%84USungBB,https://www.youtube.com/watch?v=dG2i_KR_-bQ
118,1,"ë¼íŒŒì˜ ì—¬í–‰ì¼ê¸°",https://www.youtube.com/@%EB%9D%BC%ED%8C%8C%EC%9D%98%EC%97%AC%ED%96%89%EC%9D%BC%EA%B8%B0,https://www.youtube.com/watch?v=_s99tTs7EGg
119,1,"ëŠ˜ë´„ì˜ ê¾¸ë©°ì¤˜!í™ˆì¦ˆ",https://www.youtube.com/@%EB%8A%98%EB%B4%84%EC%9D%98%EA%BE%B8%EB%A9%B0%EC%A4%98%ED%99%88%EC%A6%88,https://www.youtube.com/watch?v=820jvOU7Jc0
120,1,"í–‡ì‚´ ê°€ë“í•œ ì§‘",https://www.youtube.com/@%ED%96%87%EC%82%B4%EA%B0%80%EB%93%9D%ED%95%9C%EC%A7%91,https://www.youtube.com/watch?v=QELTQ_peVgI
121,1,"ì•¤ê°€ë“  Anneâ€™s Garden",https://www.youtube.com/@%EC%95%A4%EA%B0%80%EB%93%A0AnnesGarden,https://www.youtube.com/watch?v=ef2v53sjrE8
122,1,"City Line France",https://www.youtube.com/@CityLineFrance,https://www.youtube.com/watch?v=rc1JLIy_dZM
123,1,"ìš°ì£¼ì—¬í–‰TV",https://www.youtube.com/@%EC%9A%B0%EC%A3%BC%EC%97%AC%ED%96%89TV,https://www.youtube.com/watch?v=G8poS8oPKf0
124,1,"ë…¸ë£¨ëª¨TV (ì˜¤ì§€ì‚°ê³¨ë‹¤í ìë™ì°¨ì—¬í–‰)",https://www.youtube.com/@%EB%85%B8%EB%A3%A8%EB%AA%A8TV%EC%98%A4%EC%A7%80%EC%82%B0%EA%B3%A8%EB%8B%A4%ED%81%90%EC%9E%90%EB%8F%99%EC%B0%A8%EC%97%AC%ED%96%89,https://www.youtube.com/watch?v=60cEY5QDRGc
125,1,"ì‚¬ì§„ì°ëŠ” ë‚¨ì",https://www.youtube.com/@%EC%82%AC%EC%A7%84%EC%B0%8D%EB%8A%94%EB%82%A8%EC%9E%90,https://www.youtube.com/watch?v=v4aVqNrXkNA
126,1,"300MM ì‚¼ë°±ë¯¸ë¦¬",https://www.youtube.com/@300MM%EC%82%BC%EB%B0%B1%EB%AF%B8%EB%A6%AC,https://www.youtube.com/watch?v=XWd9Fj8NzXc
127,1,"íƒœì†¡ì˜ì±„ë„ Koreabigpine",https://www.youtube.com/@%ED%83%9C%EC%86%A1%EC%9D%98%EC%B1%84%EB%84%90Koreabigpine,https://www.youtube.com/watch?v=NBwiHYy1RZo
128,1,"jellainkorea ì ¤ë¼ì¸ì½”ë¦¬ì•„ ",https://www.youtube.com/@jellainkorea%EC%A0%A4%EB%9D%BC%EC%9D%B8%EC%BD%94%EB%A6%AC%EC%95%84,https://www.youtube.com/watch?v=EadZQjcgD1g
129,1,"ë‹¨ê³¨ì´ìŠˆ",https://www.youtube.com/@%EB%8B%A8%EA%B3%A8%EC%9D%B4%EC%8A%88,https://www.youtube.com/watch?v=zQR1yBUnn1I
130,1,"ìƒ¤í¬ì°½ Sharkchang",https://www.youtube.com/@%EC%83%A4%ED%81%AC%EC%B0%BDSharkchang,https://www.youtube.com/watch?v=KQtWiejOstU
131,1,"EBS í‰ìƒí•™êµ",https://www.youtube.com/@EBS%ED%8F%89%EC%83%9D%ED%95%99%EA%B5%90,https://www.youtube.com/watch?v=g3N0NA4B7Sg
132,1,"ê±´ê°•í•œ ì‚¬ëŒë“¤",https://www.youtube.com/@%EA%B1%B4%EA%B0%95%ED%95%9C%EC%82%AC%EB%9E%8C%EB%93%A4,https://www.youtube.com/watch?v=uJH9sCp90Eo
133,1,"ë¹„ë””í† ë¦¬",https://www.youtube.com/@%EB%B9%84%EB%94%94%ED%86%A0%EB%A6%AC,https://www.youtube.com/watch?v=UwNgzhwsEV4
134,1,"ì–‘êµ¬",https://www.youtube.com/@%EC%96%91%EA%B5%AC,https://www.youtube.com/watch?v=dCQxc1FajrM
135,1,"ë°©êµ¬ì„ì§„ìš°",https://www.youtube.com/@%EB%B0%A9%EA%B5%AC%EC%84%9D%EC%A7%84%EC%9A%B0,https://www.youtube.com/watch?v=zvvHhe18Ogo
136,1,"ë°•ê¾¼OUTDOOR",https://www.youtube.com/@%EB%B0%95%EA%BE%BCOUTDOOR,https://www.youtube.com/watch?v=KzmUEn7J7uQ
137,1,"ë°•ì†Œë£¡ Park So Ryong",https://www.youtube.com/@%EB%B0%95%EC%86%8C%EB%A3%A1ParkSoRyong,https://www.youtube.com/watch?v=rbbhEoEawfw
138,1,"ë¹µìˆœì´ & ë°¥ëŒì´ - Ms. Bread & Mr. Rice",https://www.youtube.com/@%EB%B9%B5%EC%88%9C%EC%9D%B4%EB%B0%A5%EB%8F%8C%EC%9D%B4MsBreadMrRice,https://www.youtube.com/watch?v=K2obDZgamiY
139,1,"êµì •ë³¸ë¶€TV",https://www.youtube.com/@%EA%B5%90%EC%A0%95%EB%B3%B8%EB%B6%80TV,https://www.youtube.com/watch?v=gn1ZVqk7gDE
140,1,"BumBuds TV",https://www.youtube.com/@BumBudsTV,https://www.youtube.com/watch?v=2U7fnjVKE-M
141,1,"ìë°˜ê³ ë“±ì–´",https://www.youtube.com/@%EC%9E%90%EB%B0%98%EA%B3%A0%EB%93%B1%EC%96%B4,https://www.youtube.com/watch?v=I_sP9TgV0Qo
142,1,"ì‚¬ì‹¬ì•„ Travel",https://www.youtube.com/@%EC%82%AC%EC%8B%AC%EC%95%84Travel,https://www.youtube.com/watch?v=PVidmNmHPCA
143,1,"ì„ìš´ì‚°[ë°”ìœ„êµ¬ë¦„ì‚°]ì˜ ì‚°ë©°ë“œëŠ” ì˜ìƒ",https://www.youtube.com/@%EC%84%9D%EC%9A%B4%EC%82%B0%EB%B0%94%EC%9C%84%EA%B5%AC%EB%A6%84%EC%82%B0%EC%9D%98%EC%82%B0%EB%A9%B0%EB%93%9C%EB%8A%94%EC%98%81%EC%83%81,https://www.youtube.com/watch?v=NDQE8WEr32g
144,1,"Documentary Kingdom",https://www.youtube.com/@DocumentaryKingdom,https://www.youtube.com/watch?v=dQ7Cn0WkAyM
145,1,"í‚´ìŠ¤íŠ¸ë˜ë¸” Kim's Travel",https://www.youtube.com/@%ED%82%B4%EC%8A%A4%ED%8A%B8%EB%9E%98%EB%B8%94KimsTravel,https://www.youtube.com/watch?v=1vpeWVXCHGE
146,1,"ì‚°íƒ€G",https://www.youtube.com/@%EC%82%B0%ED%83%80G,https://www.youtube.com/watch?v=d8FnsW-gNx0
147,1,"ë“±ì‚°í• ê¹Œìœ°",https://www.youtube.com/@%EB%93%B1%EC%82%B0%ED%95%A0%EA%B9%8C%EC%9C%B0,https://www.youtube.com/watch?v=hJ_t90UJrAc
148,1,"ì €ìŠ¤íŠ¸ ë‘ì˜(í•˜ìš°ë‘ì˜ë‘)",https://www.youtube.com/@%EC%A0%80%EC%8A%A4%ED%8A%B8%EB%91%90%EC%98%81%ED%95%98%EC%9A%B0%EB%91%90%EC%98%81%EB%91%90,https://www.youtube.com/watch?v=VV-DBTiKUoM
149,1,"ì „êµ­ì„ ì—¬í–‰í•˜ëŠ” ì–¼ëš±ë¶€ë¶€ ",https://www.youtube.com/@%EC%A0%84%EA%B5%AD%EC%9D%84%EC%97%AC%ED%96%89%ED%95%98%EB%8A%94%EC%96%BC%EB%9A%B1%EB%B6%80%EB%B6%80,https://www.youtube.com/watch?v=XX_b8NlZWsI
150,1,"Lost Then Found ë¡œìŠ¤íŠ¸ ë´ íŒŒìš´ë“œ",https://www.youtube.com/@LostThenFound%EB%A1%9C%EC%8A%A4%ED%8A%B8%EB%8D%B4%ED%8C%8C%EC%9A%B4%EB%93%9C,https://www.youtube.com/watch?v=_wGz7FqhZME
151,1,"ìœ ë‚˜ë‹ˆì¡°ì€ë‚  Yunani",https://www.youtube.com/@%EC%9C%A0%EB%82%98%EB%8B%88%EC%A1%B0%EC%9D%80%EB%82%A0Yunani,https://www.youtube.com/watch?v=FjapgKr8X_A
152,1,"ì—¬ë¦¬ëª½",https://www.youtube.com/@%EC%97%AC%EB%A6%AC%EB%AA%BD,https://www.youtube.com/watch?v=AGVBnjAROv8
153,1,"ì€ìƒMTB",https://www.youtube.com/@%EC%9D%80%EC%83%81MTB,https://www.youtube.com/watch?v=mkSzU0Y3jxw
154,1,"ìŠ¤ë¸ŒìŠ¤ì™€ì´ë“œ",https://www.youtube.com/@%EC%8A%A4%EB%B8%8C%EC%8A%A4%EC%99%80%EC%9D%B4%EB%93%9C,https://www.youtube.com/watch?v=YykJBtiiMi4
155,1,"í—¬ë¡œíŠ¸ë ˆí‚¹",https://www.youtube.com/@%ED%97%AC%EB%A1%9C%ED%8A%B8%EB%A0%88%ED%82%B9,https://www.youtube.com/watch?v=TMAm4eZ4Ces
156,1,"ê°€í¬ë“œ gahiiide",https://www.youtube.com/@%EA%B0%80%ED%9D%AC%EB%93%9Cgahiiide,https://www.youtube.com/watch?v=D8ckocHJAxs
157,1,"Elle Etoile",https://www.youtube.com/@ElleEtoile,https://www.youtube.com/watch?v=IrkveW5LpnE
158,1,"ì‚°íƒ€ëŠ” 50ëŒ€ í™ê³µì£¼ ",https://www.youtube.com/@%EC%82%B0%ED%83%80%EB%8A%9450%EB%8C%80%ED%99%8D%EA%B3%B5%EC%A3%BC,https://www.youtube.com/watch?v=uZ4chtUGmxE
159,1,"BK Life",https://www.youtube.com/@BKLife,https://www.youtube.com/watch?v=9PDwjXJlKoY
160,1,"ê·¸ëƒ¥ ë§ˆë¦¬ì—˜Just Mariel",https://www.youtube.com/@%EA%B7%B8%EB%83%A5%EB%A7%88%EB%A6%AC%EC%97%98JustMariel,https://www.youtube.com/watch?v=6KU4gDl54gE
161,1,"ì‚°íƒ€ìœ¤ mountain_yun",https://www.youtube.com/@%EC%82%B0%ED%83%80%EC%9C%A4mountainyun,https://www.youtube.com/watch?v=De3Llw5C1Ao
162,1,"ë¯¸ìŠ¤ë­ì–´ë•Œ ì•ˆë¬¸ìˆ™",https://www.youtube.com/@%EB%AF%B8%EC%8A%A4%EB%AD%90%EC%96%B4%EB%95%8C%EC%95%88%EB%AC%B8%EC%88%99,https://www.youtube.com/watch?v=iapX3TbvWhc
163,1,"Miniya_Ryuu",https://www.youtube.com/@MiniyaRyuu,https://www.youtube.com/watch?v=w9AdtH2F_4Y
164,1,"ë¯¸ì„ í•˜ì´í‚¹",https://www.youtube.com/@%EB%AF%B8%EC%84%A0%ED%95%98%EC%9D%B4%ED%82%B9,https://www.youtube.com/watch?v=dGtGH3xadV8
165,1,"ë½€ì§±TV",https://www.youtube.com/@%EB%BD%80%EC%A7%B1TV,https://www.youtube.com/watch?v=fTpYRMxcbgc
166,1,"KBS Entertain",https://www.youtube.com/@KBSEntertain,https://www.youtube.com/watch?v=cpADwmG5o-c
167,1,"ì—¬ë¦¬íŠ¸ë¦½",https://www.youtube.com/@%EC%97%AC%EB%A6%AC%ED%8A%B8%EB%A6%BD,https://www.youtube.com/watch?v=AFzuG0SOACA
168,1,"ë“±ì‚°ì˜ë§› delicious Life",https://www.youtube.com/@%EB%93%B1%EC%82%B0%EC%9D%98%EB%A7%9BdeliciousLife,https://www.youtube.com/watch?v=b20TcdFF9yU
169,1,"ìœ ë‹ˆì“°íŠ¸ë ˆí‚¹",https://www.youtube.com/@%EC%9C%A0%EB%8B%88%EC%93%B0%ED%8A%B8%EB%A0%88%ED%82%B9,https://www.youtube.com/watch?v=65viZ6Vw8k0
170,1,"ì§‘ìŠ¤ì»¤ë²„ë¦¬",https://www.youtube.com/@%EC%A7%91%EC%8A%A4%EC%BB%A4%EB%B2%84%EB%A6%AC,https://www.youtube.com/watch?v=56ymx3WHU4E
171,1,"ì‚°ì•…íˆ¬ì–´TVì–‘ê±¸ì„[ë“±ì‚° íŠ¸ë ˆí‚¹ ì—¬í–‰]",https://www.youtube.com/@%EC%82%B0%EC%95%85%ED%88%AC%EC%96%B4TV%EC%96%91%EA%B1%B8%EC%84%9D%EB%93%B1%EC%82%B0%ED%8A%B8%EB%A0%88%ED%82%B9%EC%97%AC%ED%96%89,https://www.youtube.com/watch?v=wK-MIvFq3gM
172,1,"ì¼ˆë¦¬ì¸ë”ì›”ë“œ",https://www.youtube.com/@%EC%BC%88%EB%A6%AC%EC%9D%B8%EB%8D%94%EC%9B%94%EB%93%9C,https://www.youtube.com/watch?v=O-7PZtHFGC4
173,1,"ë™ë„¤í˜•",https://www.youtube.com/@%EB%8F%99%EB%84%A4%ED%98%95,https://www.youtube.com/watch?v=-GVTz87Yq7U
174,1,"ê±´ê°•í´ë¼ì“°",https://www.youtube.com/@%EA%B1%B4%EA%B0%95%ED%81%B4%EB%9D%BC%EC%93%B0,https://www.youtube.com/watch?v=KmP3x3CaryQ
175,1,"Sunny Jasmin",https://www.youtube.com/@SunnyJasmin,https://www.youtube.com/watch?v=eY9QEhL2ZtI
176,1,"ë”ì„¼ìº í”„ [TCB tv] The CEN Camp Travel",https://www.youtube.com/@%EB%8D%94%EC%84%BC%EC%BA%A0%ED%94%84TCBtvTheCENCampTravel,https://www.youtube.com/watch?v=A6e5ysiCRt8
177,1,"í—¬ë¡œë¼ì´í”„",https://www.youtube.com/@%ED%97%AC%EB%A1%9C%EB%9D%BC%EC%9D%B4%ED%94%84,https://www.youtube.com/watch?v=DsDlI7SCE6I
178,1,"ì›í•„ë¦„(ë°©ì†¡êµ­)",https://www.youtube.com/@%EC%9B%90%ED%95%84%EB%A6%84%EB%B0%A9%EC%86%A1%EA%B5%AD,https://www.youtube.com/watch?v=qjDeRO-QhIA
179,1,"íŠ¸ë ˆí‚¹ ê°€ì´ë”",https://www.youtube.com/@%ED%8A%B8%EB%A0%88%ED%82%B9%EA%B0%80%EC%9D%B4%EB%8D%94,https://www.youtube.com/watch?v=Z6sCkrWL4Go
180,1,"ìŠ¹ì§±íˆ¬ì–´",https://www.youtube.com/@%EC%8A%B9%EC%A7%B1%ED%88%AC%EC%96%B4,https://www.youtube.com/watch?v=ss2uJK5wF6Y
181,1,"ì˜¤ì§€ë¸Œë¡œ",https://www.youtube.com/@%EC%98%A4%EC%A7%80%EB%B8%8C%EB%A1%9C,https://www.youtube.com/watch?v=Pv9ikEWfprk
182,1,"í•¨ê»˜ ë– ë‚˜ëŠ” ì¼ì¶œì‚°ì•…íšŒ",https://www.youtube.com/@%ED%95%A8%EA%BB%98%EB%96%A0%EB%82%98%EB%8A%94%EC%9D%BC%EC%B6%9C%EC%82%B0%EC%95%85%ED%9A%8C,https://www.youtube.com/watch?v=G-QHm3QbTuo
183,1,"ì‚°ê¾¼tv",https://www.youtube.com/@%EC%82%B0%EA%BE%BCtv,https://www.youtube.com/watch?v=IrEdlyeX_3Y
184,1,"ì˜¤ë¥´ë‚˜ì”¨ ORUNAC",https://www.youtube.com/@%EC%98%A4%EB%A5%B4%EB%82%98%EC%94%A8ORUNAC,https://www.youtube.com/watch?v=1Mwqqx8i8rg
185,1,"ìœ ì¶”ì—¬í–‰",https://www.youtube.com/@%EC%9C%A0%EC%B6%94%EC%97%AC%ED%96%89,https://www.youtube.com/watch?v=h_9I7ZJM4ek
186,1,"ê³°ìŠ¨ì˜ë°”ê¹¥ì„¸ìƒ",https://www.youtube.com/@%EA%B3%B0%EC%8A%A8%EC%9D%98%EB%B0%94%EA%B9%A5%EC%84%B8%EC%83%81,https://www.youtube.com/watch?v=HO1RWsJNJFY
187,1,"ë“œë¡ íƒ€ê³  ì—¬í–‰",https://www.youtube.com/@%EB%93%9C%EB%A1%A0%ED%83%80%EA%B3%A0%EC%97%AC%ED%96%89,https://www.youtube.com/watch?v=jxmDG_TMnCs
188,1,"ìˆ˜ì„ì˜ ì°½(çª“)TV",https://www.youtube.com/@%EC%88%98%EC%84%9D%EC%9D%98%EC%B0%BDTV,https://www.youtube.com/watch?v=YOyyf_IE9Hk
189,1,"ê¸°ì‚° TV",https://www.youtube.com/@%EA%B8%B0%EC%82%B0TV,https://www.youtube.com/watch?v=2Up1syhOz-g
190,1,"ì •ì„ ë™ê°•tv",https://www.youtube.com/@%EC%A0%95%EC%84%A0%EB%8F%99%EA%B0%95tv,https://www.youtube.com/watch?v=37U0XVmHBqc
191,1,"Dr. Plants",https://www.youtube.com/@DrPlants,https://www.youtube.com/watch?v=wir7jmefyec
192,1,"ìœ ë¼ì•¼ë†€ì(Let's play YURA)",https://www.youtube.com/@%EC%9C%A0%EB%9D%BC%EC%95%BC%EB%86%80%EC%9E%90LetsplayYURA,https://www.youtube.com/watch?v=cPp67aUSN_s
193,1,"ëª©í¬MBC",https://www.youtube.com/@%EB%AA%A9%ED%8F%ACMBC,https://www.youtube.com/watch?v=Eawhi_FWNLU
194,1,"KBS HUMAN : ë­‰í´í‹°ë¹„",https://www.youtube.com/@KBSHUMAN%EB%AD%89%ED%81%B4%ED%8B%B0%EB%B9%84,https://www.youtube.com/watch?v=ibU3FyjBwi4
195,1,"Healing Now ",https://www.youtube.com/@HealingNow,https://www.youtube.com/watch?v=PUEw9V5S_48
196,1,"ë¹„ë°”5060",https://www.youtube.com/@%EB%B9%84%EB%B0%945060,https://www.youtube.com/watch?v=O0WwVSECEGw
197,1,"KBS ìŠ¤ì¹´ìš°íŠ¸ ì–¼ë¦¬ì–´ì¡í„°",https://www.youtube.com/@KBS%EC%8A%A4%EC%B9%B4%EC%9A%B0%ED%8A%B8%EC%96%BC%EB%A6%AC%EC%96%B4%EC%9E%A1%ED%84%B0,https://www.youtube.com/watch?v=GXIvAH-q5VQ
198,1,"Korea Explored",https://www.youtube.com/@KoreaExplored,https://www.youtube.com/watch?v=plana-F__YY
199,1,"BinBon",https://www.youtube.com/@BinBon,https://www.youtube.com/watch?v=zM2LxZ6at9I
200,1,"SAVANNAH CHANNEL",https://www.youtube.com/@SAVANNAHCHANNEL,https://www.youtube.com/watch?v=fCu0n8JVoyY
201,1,"Korean Changmi",https://www.youtube.com/@KoreanChangmi,https://www.youtube.com/watch?v=M1qmInx5h_Q
202,1,"ë°”ë¥¸ê±´ê°•",https://www.youtube.com/@%EB%B0%94%EB%A5%B8%EA%B1%B4%EA%B0%95,https://www.youtube.com/watch?v=AsSU3-HGG74
203,1,"Joel and Emilia",https://www.youtube.com/@JoelandEmilia,https://www.youtube.com/watch?v=jhWNDZw4gBc
204,1,"walkerlust",https://www.youtube.com/@walkerlust,https://www.youtube.com/watch?v=6bKiSdbtE1Y
205,1,"í•˜ì´ì»¤ìŠ¤ ê²½ëŸ‰ë°±íŒ¨í‚¹",https://www.youtube.com/@%ED%95%98%EC%9D%B4%EC%BB%A4%EC%8A%A4%EA%B2%BD%EB%9F%89%EB%B0%B1%ED%8C%A8%ED%82%B9,https://www.youtube.com/watch?v=2GZLRmp9cSM
206,1,"RoamWithJohn",https://www.youtube.com/@RoamWithJohn,https://www.youtube.com/watch?v=o3GhRBVL70A
207,1,"Nomad Lankan",https://www.youtube.com/@NomadLankan,https://www.youtube.com/watch?v=MZRtZFGd4vg
208,1,"×¢×¨×Ÿ ××œ×˜×©×•×œ×¨",https://www.youtube.com/@,https://www.youtube.com/watch?v=u7BdgNkQWBs
209,1,"Emily Hua",https://www.youtube.com/@EmilyHua,https://www.youtube.com/watch?v=R4bQXrWDYA8
210,1,"ì„œë¥¸ì¦ˆìŒì—ì•„ì›ƒë„ì–´",https://www.youtube.com/@%EC%84%9C%EB%A5%B8%EC%A6%88%EC%9D%8C%EC%97%90%EC%95%84%EC%9B%83%EB%8F%84%EC%96%B4,https://www.youtube.com/watch?v=ed_nMcX12PM
211,1,"Luke Hyde",https://www.youtube.com/@LukeHyde,https://www.youtube.com/watch?v=tsJ-mJzvyyE
212,1,"ì¤€ì˜ì´ë„¤ ê°€ì¡±ì‚°í–‰",https://www.youtube.com/@%EC%A4%80%EC%98%81%EC%9D%B4%EB%84%A4%EA%B0%80%EC%A1%B1%EC%82%B0%ED%96%89,https://www.youtube.com/watch?v=HVMvSP2yE6k
213,1,"ì‚°ê¸¸ TV",https://www.youtube.com/@%EC%82%B0%EA%B8%B8TV,https://www.youtube.com/watch?v=LSUXS9OckxI
214,1,"Arsyifa Aurora",https://www.youtube.com/@ArsyifaAurora,https://www.youtube.com/watch?v=5WtOoN-S01k
215,1,"ê³½í™©ë˜ TV",https://www.youtube.com/@%EA%B3%BD%ED%99%A9%EB%9E%98TV,https://www.youtube.com/watch?v=4q7g3RwNWn8
216,1,"WANDERING TIGER (í—¤ë§¤ëŠ” í˜¸ë‘ì´)",https://www.youtube.com/@WANDERINGTIGER%ED%97%A4%EB%A7%A4%EB%8A%94%ED%98%B8%EB%9E%91%EC%9D%B4,https://www.youtube.com/watch?v=Qly9ezg2cWc
217,1,"SheSlayzMountains",https://www.youtube.com/@SheSlayzMountains,https://www.youtube.com/watch?v=3EJe9o3e0Jg
218,1,"XXX WALKER",https://www.youtube.com/@XXXWALKER,https://www.youtube.com/watch?v=YuNwp33Fe9E
219,1,"Aruna Sandaruwan",https://www.youtube.com/@ArunaSandaruwan,https://www.youtube.com/watch?v=MUMXcOp47wY
220,1,"TRAVEL BIE",https://www.youtube.com/@TRAVELBIE,https://www.youtube.com/watch?v=IJCK7GmdcS4
221,1,"ì½”ë¦¬ì•„ ì•„ì›ƒë„ì–´ã…£ Korea Outdoorã…£",https://www.youtube.com/@%EC%BD%94%EB%A6%AC%EC%95%84%EC%95%84%EC%9B%83%EB%8F%84%EC%96%B4KoreaOutdoor,https://www.youtube.com/watch?v=TJ3z5tz7_s4
222,1,"ì „ê¸°ëˆ„ì „ì²œì¬TV",https://www.youtube.com/@%EC%A0%84%EA%B8%B0%EB%88%84%EC%A0%84%EC%B2%9C%EC%9E%ACTV,https://www.youtube.com/watch?v=c6KI8jKOfCI
223,1,"ë¯¸ë¯¸ì˜ë“±ì‚°ì¼ê¸°",https://www.youtube.com/@%EB%AF%B8%EB%AF%B8%EC%9D%98%EB%93%B1%EC%82%B0%EC%9D%BC%EA%B8%B0,https://www.youtube.com/watch?v=yj3q_q9O0xc
224,1,"ë‹¤ë„í•´í•´ìƒêµ­ë¦½ê³µì›ì„œë¶€ì‚¬ë¬´ì†Œ",https://www.youtube.com/@%EB%8B%A4%EB%8F%84%ED%95%B4%ED%95%B4%EC%83%81%EA%B5%AD%EB%A6%BD%EA%B3%B5%EC%9B%90%EC%84%9C%EB%B6%80%EC%82%AC%EB%AC%B4%EC%86%8C,https://www.youtube.com/watch?v=7B0dJbsspHU
225,1,"ì‚°ì¹´ì†Œ",https://www.youtube.com/@%EC%82%B0%EC%B9%B4%EC%86%8C,https://www.youtube.com/watch?v=SmT6yqaaeyE
226,1,"í†¡! TALK! í›„ì§€ì´ ë¯¸ë‚˜",https://www.youtube.com/@%ED%86%A1TALK%ED%9B%84%EC%A7%80%EC%9D%B4%EB%AF%B8%EB%82%98,https://www.youtube.com/watch?v=MYz6rcJfGaI
227,1,"ì†Œí’ì¡±",https://www.youtube.com/@%EC%86%8C%ED%92%8D%EC%A1%B1,https://www.youtube.com/watch?v=ESuqx48QBTg
228,1,"ì¼€ì´ìˆ˜í™˜",https://www.youtube.com/@%EC%BC%80%EC%9D%B4%EC%88%98%ED%99%98,https://www.youtube.com/watch?v=kgDBcJizukI
229,1,"ë™ë”´ì§€",https://www.youtube.com/@%EB%8F%99%EB%94%B4%EC%A7%80,https://www.youtube.com/watch?v=uhmUNFcP2ks
230,1,"ì„œìš¸ì‹œ Â· Seoul",https://www.youtube.com/@%EC%84%9C%EC%9A%B8%EC%8B%9CSeoul,https://www.youtube.com/watch?v=DyEMdTzyYUU
231,1,"í°ì§‘ì‚¬ëŒë“¤",https://www.youtube.com/@%ED%81%B0%EC%A7%91%EC%82%AC%EB%9E%8C%EB%93%A4,https://www.youtube.com/watch?v=qGa935D19ZE
232,1,"ë¶€ë¦‰ë§ˆë¸” Broong Marvel",https://www.youtube.com/@%EB%B6%80%EB%A6%89%EB%A7%88%EB%B8%94BroongMarvel,https://www.youtube.com/watch?v=KJZHrvG-hLU
233,1,"ë¼ë‹ˆë¼ë‹ˆ tube",https://www.youtube.com/@%EB%9D%BC%EB%8B%88%EB%9D%BC%EB%8B%88tube,https://www.youtube.com/watch?v=37acWY7O6Vw
234,1,"ì‚°ë“¤íˆ¬ì–´TVì–´ë‘ê¹€ì£¼í˜¸",https://www.youtube.com/@%EC%82%B0%EB%93%A4%ED%88%AC%EC%96%B4TV%EC%96%B4%EB%9E%91%EA%B9%80%EC%A3%BC%ED%98%B8,https://www.youtube.com/watch?v=1uJk_8DWhXQ
235,1,"ë“œë¡ ì±„ë„",https://www.youtube.com/@%EB%93%9C%EB%A1%A0%EC%B1%84%EB%84%90,https://www.youtube.com/watch?v=68BedoMTrW0
236,1,"ì´ê²½í›ˆ",https://www.youtube.com/@%EC%9D%B4%EA%B2%BD%ED%9B%88,https://www.youtube.com/watch?v=C-6aKUUqkoo
237,1,"ê°ì„±ìº í•‘ ìì—°ì˜ ì†Œë¦¬ (Emotional Camping)",https://www.youtube.com/@%EA%B0%90%EC%84%B1%EC%BA%A0%ED%95%91%EC%9E%90%EC%97%B0%EC%9D%98%EC%86%8C%EB%A6%ACEmotionalCamping,https://www.youtube.com/watch?v=eF9cKPN_0pA
238,1,"í† ì§€ìˆ˜í˜¸ì²œì‚¬",https://www.youtube.com/@%ED%86%A0%EC%A7%80%EC%88%98%ED%98%B8%EC%B2%9C%EC%82%AC,https://www.youtube.com/watch?v=SQKt4Uds2zo
239,1,"OHROSY ìˆ˜ì—°",https://www.youtube.com/@OHROSY%EC%88%98%EC%97%B0,https://www.youtube.com/watch?v=TrdvVdTUlOQ
240,1,"7680_ì¹ ìœ¡íŒ”ê³µ",https://www.youtube.com/@7680%EC%B9%A0%EC%9C%A1%ED%8C%94%EA%B3%B5,https://www.youtube.com/watch?v=OiZQ9K4Qp9I
241,1,"ì˜ìŠ¤ìœ—ë¦¬ì˜¤",https://www.youtube.com/@%EC%8F%98%EC%8A%A4%EC%9C%97%EB%A6%AC%EC%98%A4,https://www.youtube.com/watch?v=n_CRrTgmXFA
242,1,"ë£©ìŠ¤ ì»¤í”ŒLuke and Stacy",https://www.youtube.com/@%EB%A3%A9%EC%8A%A4%EC%BB%A4%ED%94%8CLukeandStacy,https://www.youtube.com/watch?v=tAjdq6Nse9s
243,1,"AnnHan Vlog",https://www.youtube.com/@AnnHanVlog,https://www.youtube.com/watch?v=YHRRGlcxWeo
244,1,"ì¿ ìˆ˜ë‹ˆë„¤ - ë§›ì§‘ ì°¾ì•„ ì‚¼ë§Œë¦¬",https://www.youtube.com/@%EC%BF%A0%EC%88%98%EB%8B%88%EB%84%A4%EB%A7%9B%EC%A7%91%EC%B0%BE%EC%95%84%EC%82%BC%EB%A7%8C%EB%A6%AC,https://www.youtube.com/watch?v=TJBKA-5-8KI
245,1,"ìœ í˜„í•˜ë‹¤",https://www.youtube.com/@%EC%9C%A0%ED%98%84%ED%95%98%EB%8B%A4,https://www.youtube.com/watch?v=NNU0Y68-MrU
246,1,"ANTWORKS ì•¤ì›",https://www.youtube.com/@ANTWORKS%EC%95%A4%EC%9B%8D,https://www.youtube.com/watch?v=9k9PReCIpBk
247,1,"ë“¬ì‚­E-Camping",https://www.youtube.com/@%EB%93%AC%EC%82%ADECamping,https://www.youtube.com/watch?v=vDTF3su4X3Q
248,1,"ì•ˆìˆ˜ì§€ì˜ ì—¬í–‰ì˜ ë°œê²¬",https://www.youtube.com/@%EC%95%88%EC%88%98%EC%A7%80%EC%9D%98%EC%97%AC%ED%96%89%EC%9D%98%EB%B0%9C%EA%B2%AC,https://www.youtube.com/watch?v=qwa014QefJ8
249,1,"ì£¼í¬ë§ì´ Jooheemang",https://www.youtube.com/@%EC%A3%BC%ED%9D%AC%EB%A7%9D%EC%9D%B4Jooheemang,https://www.youtube.com/watch?v=kVBUV00KSs4
250,1,"ë½€ìº í”„ BBo Camp TV.",https://www.youtube.com/@%EB%BD%80%EC%BA%A0%ED%94%84BBoCampTV,https://www.youtube.com/watch?v=bY4U9PnHifU
251,1,"ì²œì•ˆë™íŒ”ì´ì˜ ë…¸ì§€ë¶•ì–´ë‚šì‹œ",https://www.youtube.com/@%EC%B2%9C%EC%95%88%EB%8F%99%ED%8C%94%EC%9D%B4%EC%9D%98%EB%85%B8%EC%A7%80%EB%B6%95%EC%96%B4%EB%82%9A%EC%8B%9C,https://www.youtube.com/watch?v=MSiP9rF5AWY
252,1,"ì•„ì„ í‹°ë¹„",https://www.youtube.com/@%EC%95%84%EC%84%A0%ED%8B%B0%EB%B9%84,https://www.youtube.com/watch?v=dxPUQ9IilLs
253,1,"ë…¼ìŠ¤í† ì¼",https://www.youtube.com/@%EB%85%BC%EC%8A%A4%ED%86%A0%EC%9D%BC,https://www.youtube.com/watch?v=aQraDg-Es0k
254,1,"ê³ ê¸°ì–´ë””",https://www.youtube.com/@%EA%B3%A0%EA%B8%B0%EC%96%B4%EB%94%94,https://www.youtube.com/watch?v=WoDeicu_xLY
255,1,"ì½”ë‚œë„ì¼tv",https://www.youtube.com/@%EC%BD%94%EB%82%9C%EB%8F%84%EC%9D%BCtv,https://www.youtube.com/watch?v=cCQmqHEz1ns
256,1,"ìœ ì¬í¬ YuJaeHee - Bass Fishing",https://www.youtube.com/@%EC%9C%A0%EC%9E%AC%ED%9D%ACYuJaeHeeBassFishing,https://www.youtube.com/watch?v=BrQn-v9PEUs
257,1,"Aros fishing Style, ì•„ë¡œìŠ¤",https://www.youtube.com/@ArosfishingStyle%EC%95%84%EB%A1%9C%EC%8A%A4,https://www.youtube.com/watch?v=cGegpdcEQeo
258,1,"After works Fishing ì¼ ëë‚˜ê³  ë‚šì‹œ",https://www.youtube.com/@AfterworksFishing%EC%9D%BC%EB%81%9D%EB%82%98%EA%B3%A0%EB%82%9A%EC%8B%9C,https://www.youtube.com/watch?v=1GD18RwCS68
259,1,"ë¶•ì–´ì¡ëŠ”ê³°",https://www.youtube.com/@%EB%B6%95%EC%96%B4%EC%9E%A1%EB%8A%94%EA%B3%B0,https://www.youtube.com/watch?v=_eiaHQrdPDg
260,1,"í¬ë„ì›”ì²™ ë¶•ì–´ë‚šì‹œTv",https://www.youtube.com/@%ED%8F%AC%EB%8F%84%EC%9B%94%EC%B2%99%EB%B6%95%EC%96%B4%EB%82%9A%EC%8B%9CTv,https://www.youtube.com/watch?v=2R2p6xi6lks
261,1,"GODFishingTV",https://www.youtube.com/@GODFishingTV,https://www.youtube.com/watch?v=P3sx35CKjHg
262,1,"Pitirash Sangma",https://www.youtube.com/@PitirashSangma,https://www.youtube.com/watch?v=lwFjqM1D6sI
263,1,"ê²½ë¸”ë¡œê·¸",https://www.youtube.com/@%EA%B2%BD%EB%B8%94%EB%A1%9C%EA%B7%B8,https://www.youtube.com/watch?v=pKMctz5banw
264,1,"charlycheer",https://www.youtube.com/@charlycheer,https://www.youtube.com/watch?v=t9-HRuF1N2k
265,1,"ë¦¬ìƒ(LeeSang)",https://www.youtube.com/@%EB%A6%AC%EC%83%81LeeSang,https://www.youtube.com/watch?v=SLF4h4OuzmY
266,1,"ë©€ë ì´ì±„ë„",https://www.youtube.com/@%EB%A9%80%EB%A0%81%EC%9D%B4%EC%B1%84%EB%84%90,https://www.youtube.com/watch?v=9CJhH8zETzI
267,1,"ì¯”ë¦¬ë°•",https://www.youtube.com/@%EC%AF%94%EB%A6%AC%EB%B0%95,https://www.youtube.com/watch?v=sGvLN4xmVJ8
268,1,"ì˜¬ëŒ“ë¦¬ë¹™ - All That Living ",https://www.youtube.com/@%EC%98%AC%EB%8C%93%EB%A6%AC%EB%B9%99AllThatLiving,https://www.youtube.com/watch?v=kZpT_0YuXkQ
269,1,"êµ­ì‚°ë‚šì‹œ",https://www.youtube.com/@%EA%B5%AD%EC%82%B0%EB%82%9A%EC%8B%9C,https://www.youtube.com/watch?v=9qHU8G_ADdY
270,1,"ë¦¬ì–¼ë‚šì‹œê¾¼ ì°½ìŠ¤ë§¨",https://www.youtube.com/@%EB%A6%AC%EC%96%BC%EB%82%9A%EC%8B%9C%EA%BE%BC%EC%B0%BD%EC%8A%A4%EB%A7%A8,https://www.youtube.com/watch?v=JRNQUwS4PY4
271,1,"ë°”ë‹¤ìƒí™œ(sealife)",https://www.youtube.com/@%EB%B0%94%EB%8B%A4%EC%83%9D%ED%99%9Csealife,https://www.youtube.com/watch?v=aoMW_4_gBZg
272,1,"ì‹¼ë„",https://www.youtube.com/@%EC%8B%BC%EB%8F%84,https://www.youtube.com/watch?v=Eh57rH3h2bk
273,1,"ë‚ší‚¹TV",https://www.youtube.com/@%EB%82%9A%ED%82%B9TV,https://www.youtube.com/watch?v=liDEL8-mPhc
274,1,"ì…ì§ˆì˜ì¶”ì–µTV jiminTV",https://www.youtube.com/@%EC%9E%85%EC%A7%88%EC%9D%98%EC%B6%94%EC%96%B5TVjiminTV,https://www.youtube.com/watch?v=d9hIS4wywW0
275,1,"ë‚šì‹œê°€ì!ì„¤íŠœë¸Œ",https://www.youtube.com/@%EB%82%9A%EC%8B%9C%EA%B0%80%EC%9E%90%EC%84%A4%ED%8A%9C%EB%B8%8C,https://www.youtube.com/watch?v=0JxTPXLxrFw
276,1,"ë‹¤ë¦¬ë„¤TV",https://www.youtube.com/@%EB%8B%A4%EB%A6%AC%EB%84%A4TV,https://www.youtube.com/watch?v=cEHEAEfOWhQ
277,1,"ì‡ì¸  ì„¬ íƒ€ì„",https://www.youtube.com/@%EC%9E%87%EC%B8%A0%EC%84%AC%ED%83%80%EC%9E%84,https://www.youtube.com/watch?v=muiuLTrr_Jc
278,1,"ì‚°ìŸì´ë¸Œë„",https://www.youtube.com/@%EC%82%B0%EC%9F%81%EC%9D%B4%EB%B8%8C%EB%84%9D,https://www.youtube.com/watch?v=nlZOOzobGwE
279,1,"ë‚´ìš°ì£¼",https://www.youtube.com/@%EB%82%B4%EC%9A%B0%EC%A3%BC,https://www.youtube.com/watch?v=LXpTetxtFSA
280,1,"SungY",https://www.youtube.com/@SungY,https://www.youtube.com/watch?v=MgDtC6apEgk
281,1,"ìœ¤ë˜ì‚° ë“±ì‚°ì¼ê¸° yoonddosan Hiking VLOG",https://www.youtube.com/@%EC%9C%A4%EB%98%90%EC%82%B0%EB%93%B1%EC%82%B0%EC%9D%BC%EA%B8%B0yoonddosanHikingVLOG,https://www.youtube.com/watch?v=WfafTR26Stk
282,1,"ë“±ì‚°íŒŒí¬TV  Mountain Park Golf ",https://www.youtube.com/@%EB%93%B1%EC%82%B0%ED%8C%8C%ED%81%ACTVMountainParkGolf,https://www.youtube.com/watch?v=f4PllQ3XG-k
283,1,"ë¯¼ë¨¸ë¦¬ë§¨Â·minmury man",https://www.youtube.com/@%EB%AF%BC%EB%A8%B8%EB%A6%AC%EB%A7%A8minmuryman,https://www.youtube.com/watch?v=35KW-kAMaLI
284,1,"ê°•í˜¸ì˜ë°œë°”ë‹¥TV",https://www.youtube.com/@%EA%B0%95%ED%98%B8%EC%9D%98%EB%B0%9C%EB%B0%94%EB%8B%A5TV,https://www.youtube.com/watch?v=8yh-A-rvWYg
285,1,"ì˜¬ë¹¼ë¯¸TV",https://www.youtube.com/@%EC%98%AC%EB%B9%BC%EB%AF%B8TV,https://www.youtube.com/watch?v=67jKKJfyhyo
286,1,"ë¹„ë””ì˜¤ë¨¸ê·¸ - VIDEOMUG",https://www.youtube.com/@%EB%B9%84%EB%94%94%EC%98%A4%EB%A8%B8%EA%B7%B8VIDEOMUG,https://www.youtube.com/watch?v=aJ-3hpFmb7w
287,1,"ê³¨ë“ TV",https://www.youtube.com/@%EA%B3%A8%EB%93%A0TV,https://www.youtube.com/watch?v=pqm0zsLDjNQ
288,1,"ê¹€ì¹˜ê·€ì‹  ë§ˆì´ Kimchi Ghost Mai",https://www.youtube.com/@%EA%B9%80%EC%B9%98%EA%B7%80%EC%8B%A0%EB%A7%88%EC%9D%B4KimchiGhostMai,https://www.youtube.com/watch?v=-uHxQtg5vR0
289,1,"ì‹ í˜¸ë“±TV",https://www.youtube.com/@%EC%8B%A0%ED%98%B8%EB%93%B1TV,https://www.youtube.com/watch?v=Z6l6Rn20gCU
290,1,"ë” íŠ¸ë¡¯",https://www.youtube.com/@%EB%8D%94%ED%8A%B8%EB%A1%AF,https://www.youtube.com/watch?v=bum0ti91e6A
291,1,"ëšœë¦¬íŠœë¸Œ",https://www.youtube.com/@%EB%9A%9C%EB%A6%AC%ED%8A%9C%EB%B8%8C,https://www.youtube.com/watch?v=H5YPZPezqrc
292,1,"ì¼ì‚°ì–¸ë‹ˆTV",https://www.youtube.com/@%EC%9D%BC%EC%82%B0%EC%96%B8%EB%8B%88TV,https://www.youtube.com/watch?v=oLgI2R9flLM
293,1,"ë§¤ì£¼ ë– ë‚˜ëŠ” í˜¸ìº‰ìŠ¤",https://www.youtube.com/@%EB%A7%A4%EC%A3%BC%EB%96%A0%EB%82%98%EB%8A%94%ED%98%B8%EC%BA%89%EC%8A%A4,https://www.youtube.com/watch?v=PRtEXzO5Si8
294,1,"í™íŠœë¸Œ",https://www.youtube.com/@%ED%99%8D%ED%8A%9C%EB%B8%8C,https://www.youtube.com/watch?v=vEoXnLZZGTs
295,1,"ì¼ì‚°ì–¸ë‹ˆ",https://www.youtube.com/@%EC%9D%BC%EC%82%B0%EC%96%B8%EB%8B%88,https://www.youtube.com/watch?v=2xUhytpNFrI
296,1,"ë¬´ì£¼ë°˜ë”§ë¶ˆì¶•ì œ",https://www.youtube.com/@%EB%AC%B4%EC%A3%BC%EB%B0%98%EB%94%A7%EB%B6%88%EC%B6%95%EC%A0%9C,https://www.youtube.com/watch?v=HljdOaOo_sg
297,1,"ê°•ë¦‰ë‹¨ì˜¤ì œ",https://www.youtube.com/@%EA%B0%95%EB%A6%89%EB%8B%A8%EC%98%A4%EC%A0%9C,https://www.youtube.com/watch?v=7hMs23IukxA
298,1,"ì•Œê³ ì‹¶ì€ ë°”ë‹¤TV ""ì•ŒTV""",https://www.youtube.com/@%EC%95%8C%EA%B3%A0%EC%8B%B6%EC%9D%80%EB%B0%94%EB%8B%A4TV%EC%95%8CTV,https://www.youtube.com/watch?v=E0ssrn3b6SQ
299,1,"êµ­ì•…ë°©ì†¡ TV (Gugak Broadcasting System: TV)",https://www.youtube.com/@%EA%B5%AD%EC%95%85%EB%B0%A9%EC%86%A1TVGugakBroadcastingSystemTV,https://www.youtube.com/watch?v=4fgFTl7oOWU
300,1,"ì‡¼ë¯¸ë”í•˜ìš°ìŠ¤",https://www.youtube.com/@%EC%87%BC%EB%AF%B8%EB%8D%94%ED%95%98%EC%9A%B0%EC%8A%A4,https://www.youtube.com/watch?v=EaoF3OBjoRk
301,1,"ì‹ ë‚˜ìš”",https://www.youtube.com/@%EC%8B%A0%EB%82%98%EC%9A%94,https://www.youtube.com/watch?v=6sQuOTpR3lo
302,1,"ì¦ê±°ìš´ ì†Œí’",https://www.youtube.com/@%EC%A6%90%EA%B1%B0%EC%9A%B4%EC%86%8C%ED%92%8D,https://www.youtube.com/watch?v=VEP4WMK_eHw
303,1,"ëŒ€êµ¬ì¹˜ë§¥í˜ìŠ¤í‹°ë²Œ",https://www.youtube.com/@%EB%8C%80%EA%B5%AC%EC%B9%98%EB%A7%A5%ED%8E%98%EC%8A%A4%ED%8B%B0%EB%B2%8C,https://www.youtube.com/watch?v=xSHDAdAObj8
304,1,"ëŒ€êµ¬TVâ”ƒëŒ€êµ¬ê´‘ì—­ì‹œ ê³µì‹ ìœ íŠœë¸Œ",https://www.youtube.com/@%EB%8C%80%EA%B5%ACTV%EB%8C%80%EA%B5%AC%EA%B4%91%EC%97%AD%EC%8B%9C%EA%B3%B5%EC%8B%9D%EC%9C%A0%ED%8A%9C%EB%B8%8C,https://www.youtube.com/watch?v=E1nDjWusQ5U
305,1,"í›Œë¼ ~.~",https://www.youtube.com/@%ED%9B%8C%EB%9D%BC,https://www.youtube.com/watch?v=hvCmYGRYv1M
306,1,"ìµœì¢…ìš°",https://www.youtube.com/@%EC%B5%9C%EC%A2%85%EC%9A%B0,https://www.youtube.com/watch?v=WAfBXjclavI
307,1,"GUCKKASTEN_SEOA",https://www.youtube.com/@GUCKKASTENSEOA,https://www.youtube.com/watch?v=Ea6BJid-pP0
308,1,"100ì„¸ ì²­ì¶˜ - Reful TV",https://www.youtube.com/@100%EC%84%B8%EC%B2%AD%EC%B6%98RefulTV,https://www.youtube.com/watch?v=AYYQbuJHC2g
309,1,"ìœ ì¾Œí•œìœ¤",https://www.youtube.com/@%EC%9C%A0%EC%BE%8C%ED%95%9C%EC%9C%A4,https://www.youtube.com/watch?v=3vDMIxh41ys
310,1,"ë¯¼MIN",https://www.youtube.com/@%EB%AF%BCMIN,https://www.youtube.com/watch?v=gdUh5B88K7k
311,1,"Travel day Stage",https://www.youtube.com/@TraveldayStage,https://www.youtube.com/watch?v=JdHNeeD42T8
312,1,"NHë†í˜‘ì€í–‰",https://www.youtube.com/@NH%EB%86%8D%ED%98%91%EC%9D%80%ED%96%89,https://www.youtube.com/watch?v=Xs3vs98Oa8Q
313,1,"ë°”ëŒí’€ë‚´ìŒ[Enjoy Fishing TV]",https://www.youtube.com/@%EB%B0%94%EB%9E%8C%ED%92%80%EB%82%B4%EC%9D%8CEnjoyFishingTV,https://www.youtube.com/watch?v=AjsZIplDC2s
314,1,"ê¹½êµ­TV",https://www.youtube.com/@%EA%B9%BD%EA%B5%ADTV,https://www.youtube.com/watch?v=LLkw9wUrakg
315,1,"ì¼ìƒë„¤ì»·_Road",https://www.youtube.com/@%EC%9D%BC%EC%83%81%EB%84%A4%EC%BB%B7Road,https://www.youtube.com/watch?v=iNzDAGI5G-8
316,1,"ì•„ë¦¬ìˆ˜ì˜ ì œì£¼ ê·€ì–´ê·€ì´Œ",https://www.youtube.com/@%EC%95%84%EB%A6%AC%EC%88%98%EC%9D%98%EC%A0%9C%EC%A3%BC%EA%B7%80%EC%96%B4%EA%B7%80%EC%B4%8C,https://www.youtube.com/watch?v=3YKJ6BWXrug
317,1,"ë¹¡TV",https://www.youtube.com/@%EB%B9%A1TV,https://www.youtube.com/watch?v=f_s4y-4gVfU
318,1,"í—ê·¸ë¦¬í”¼ì…”í›„ë‹ˆ",https://www.youtube.com/@%ED%97%9D%EA%B7%B8%EB%A6%AC%ED%94%BC%EC%85%94%ED%9B%84%EB%8B%88,https://www.youtube.com/watch?v=pQseMGi0A1M
319,1,"ë¿Œì‚¬ë¦¬ëª½ë‹ˆ",https://www.youtube.com/@%EB%BF%8C%EC%82%AC%EB%A6%AC%EB%AA%BD%EB%8B%88,https://www.youtube.com/watch?v=k1tBeihyPOU
320,1,"ì—­ì‚¬í…Œë§ˆê¸°í–‰",https://www.youtube.com/@%EC%97%AD%EC%82%AC%ED%85%8C%EB%A7%88%EA%B8%B0%ED%96%89,https://www.youtube.com/watch?v=AWwTS6SOxI4
321,1,"romii_0721",https://www.youtube.com/@romii0721,https://www.youtube.com/watch?v=7TZGLUkoRMo
322,1,"119ëŒ„ì„œ(ì•ˆë¬´ì œì‘íŒ€)",https://www.youtube.com/@119%EB%8C%84%EC%84%9C%EC%95%88%EB%AC%B4%EC%A0%9C%EC%9E%91%ED%8C%80,https://www.youtube.com/watch?v=IRITLTb3N3Y
323,1,"ì§€ê¸ˆí•˜ë™TV",https://www.youtube.com/@%EC%A7%80%EA%B8%88%ED%95%98%EB%8F%99TV,https://www.youtube.com/watch?v=JC4YfSxclwo
324,1,"ì†ìœ¤ì œTV",https://www.youtube.com/@%EC%86%90%EC%9C%A4%EC%A0%9CTV,https://www.youtube.com/watch?v=QQL8g-t7SiU
325,1,"ì‹ ì€ì£¼",https://www.youtube.com/@%EC%8B%A0%EC%9D%80%EC%A3%BC,https://www.youtube.com/watch?v=jau0hHrxazg
326,1,"Doe Jeon",https://www.youtube.com/@DoeJeon,https://www.youtube.com/watch?v=1Tz9rtSWg7s
327,1,"moreunikka",https://www.youtube.com/@moreunikka,https://www.youtube.com/watch?v=M8F5OG6JTe4
328,1,"James Lee TV",https://www.youtube.com/@JamesLeeTV,https://www.youtube.com/watch?v=u_l7Mpmc5S0
329,1,"ì œì´ë°ì‰¬ JayDesh",https://www.youtube.com/@%EC%A0%9C%EC%9D%B4%EB%8D%B0%EC%89%ACJayDesh,https://www.youtube.com/watch?v=214pQY6G-js
330,1,"ê¹€ì œì§€í‰ì„ ì¶•ì œ",https://www.youtube.com/@%EA%B9%80%EC%A0%9C%EC%A7%80%ED%8F%89%EC%84%A0%EC%B6%95%EC%A0%9C,https://www.youtube.com/watch?v=ojgRk6EL6eg
331,1,"ê¹€ì œì‹œ [ê¹€ì œì§€í‰ì„ TV]",https://www.youtube.com/@%EA%B9%80%EC%A0%9C%EC%8B%9C%EA%B9%80%EC%A0%9C%EC%A7%80%ED%8F%89%EC%84%A0TV,https://www.youtube.com/watch?v=15Mu9Y-vHzE
332,1,"íŒŒë€ê¹Œì¹˜",https://www.youtube.com/@%ED%8C%8C%EB%9E%80%EA%B9%8C%EC%B9%98,https://www.youtube.com/watch?v=xzUZAdN-NqA
333,1,"ë°ì¼ë¦¬ì½”ë¦¬ì•„ë‰´ìŠ¤",https://www.youtube.com/@%EB%8D%B0%EC%9D%BC%EB%A6%AC%EC%BD%94%EB%A6%AC%EC%95%84%EB%89%B4%EC%8A%A4,https://www.youtube.com/watch?v=c33Efv-w0JQ
334,1,"ì˜ì•”ì™•ì¸TV",https://www.youtube.com/@%EC%98%81%EC%95%94%EC%99%95%EC%9D%B8TV,https://www.youtube.com/watch?v=Nnw5U2L-6jk
335,1,"ê³ ì°½ ë¯¸ì†Œê³µì¸ì¤‘ê°œì‚¬ì‚¬ë¬´ì†Œ",https://www.youtube.com/@%EA%B3%A0%EC%B0%BD%EB%AF%B8%EC%86%8C%EA%B3%B5%EC%9D%B8%EC%A4%91%EA%B0%9C%EC%82%AC%EC%82%AC%EB%AC%B4%EC%86%8C,https://www.youtube.com/watch?v=kET2ilkSXpY
336,1,"ì œì£¼ì„¤ë ˆì„",https://www.youtube.com/@%EC%A0%9C%EC%A3%BC%EC%84%A4%EB%A0%88%EC%9E%84,https://www.youtube.com/watch?v=6k738Ne1PKA
337,1,"JayìŒ¤ì—¬í–‰TV",https://www.youtube.com/@Jay%EC%8C%A4%EC%97%AC%ED%96%89TV,https://www.youtube.com/watch?v=yjShHxlTBm4
338,1,"ë Œì¦ˆëšœê»‘ LENSCAP TRAVEL",https://www.youtube.com/@%EB%A0%8C%EC%A6%88%EB%9A%9C%EA%BB%91LENSCAPTRAVEL,https://www.youtube.com/watch?v=sq2VWpMWuaI
339,1,"ì œì£¼ì‚¬ëŠ” ë¥´ë¶€ë¶€",https://www.youtube.com/@%EC%A0%9C%EC%A3%BC%EC%82%AC%EB%8A%94%EB%A5%B4%EB%B6%80%EB%B6%80,https://www.youtube.com/watch?v=x_KLotOHYr4
340,1,"ë“œë¡ ìŠ¤í† ë¦¬ [droneStory]",https://www.youtube.com/@%EB%93%9C%EB%A1%A0%EC%8A%A4%ED%86%A0%EB%A6%ACdroneStory,https://www.youtube.com/watch?v=aQ8fmyHkYqg
341,1,"ì†¡ì†Œí¬ Song Sohee",https://www.youtube.com/@%EC%86%A1%EC%86%8C%ED%9D%ACSongSohee,https://www.youtube.com/watch?v=DIBUFKoNfTY
342,1,"ì´ìŠ¹ìœ¤",https://www.youtube.com/@%EC%9D%B4%EC%8A%B9%EC%9C%A4,https://www.youtube.com/watch?v=xrbOVyr96Ks
343,1,"gongrot",https://www.youtube.com/@gongrot,https://www.youtube.com/watch?v=Rqdgpf5SlvU
344,1,"ê°•ë¬¼ì²˜ëŸ¼",https://www.youtube.com/@%EA%B0%95%EB%AC%BC%EC%B2%98%EB%9F%BC,https://www.youtube.com/watch?v=9nYpkj84P4g
345,1,"ì§€ë¦¬ì‚°ë‘˜ë ˆë³´ê³ ",https://www.youtube.com/@%EC%A7%80%EB%A6%AC%EC%82%B0%EB%91%98%EB%A0%88%EB%B3%B4%EA%B3%A0,https://www.youtube.com/watch?v=PGtxmeIZdQo
346,1,"KBSì°½ì›",https://www.youtube.com/@KBS%EC%B0%BD%EC%9B%90,https://www.youtube.com/watch?v=zi2A9U2VLGc
347,1,"ì§€ë¦¬ì‚°ë‘˜ë ˆê¸¸(Jirisan Trail) ê³µì‹",https://www.youtube.com/@%EC%A7%80%EB%A6%AC%EC%82%B0%EB%91%98%EB%A0%88%EA%B8%B8JirisanTrail%EA%B3%B5%EC%8B%9D,https://www.youtube.com/watch?v=nMFnorJBg2I
348,1,"YTN ì‚¬ì´ì–¸ìŠ¤",https://www.youtube.com/@YTN%EC%82%AC%EC%9D%B4%EC%96%B8%EC%8A%A4,https://www.youtube.com/watch?v=XTUK3ffRWoI
349,1,"KTë¯¸ë””ì–´ [íƒœí’]",https://www.youtube.com/@KT%EB%AF%B8%EB%94%94%EC%96%B4%ED%83%9C%ED%92%8D,https://www.youtube.com/watch?v=Nq8rKii8rsQ
350,1,"í•´ì‚°ê°•íŠ¸ë˜ë¸”",https://www.youtube.com/@%ED%95%B4%EC%82%B0%EA%B0%95%ED%8A%B8%EB%9E%98%EB%B8%94,https://www.youtube.com/watch?v=bprHaQ_9kFI
351,1,"íƒœë°±ì‹œ",https://www.youtube.com/@%ED%83%9C%EB%B0%B1%EC%8B%9C,https://www.youtube.com/watch?v=sqWcBotbo0s
352,1,"ì—¬í–‰ë°±ë°˜",https://www.youtube.com/@%EC%97%AC%ED%96%89%EB%B0%B1%EB%B0%98,https://www.youtube.com/watch?v=EOAEMnYk-9M
353,1,"ì´ìˆ˜ê¸¸TVì‚¶",https://www.youtube.com/@%EC%9D%B4%EC%88%98%EA%B8%B8TV%EC%82%B6,https://www.youtube.com/watch?v=wta80TAPBbs
354,1,"ì¼ì§œì—¬í–‰ ğ’Šğ’ğ’›ğ’›ğ’‚ ğ’•ğ’“ğ’Šğ’‘",https://www.youtube.com/@%EC%9D%BC%EC%A7%9C%EC%97%AC%ED%96%89,https://www.youtube.com/watch?v=DIdOYH47quY
355,1,"ìœ¤ì­ˆê¾¸",https://www.youtube.com/@%EC%9C%A4%EC%AD%88%EA%BE%B8,https://www.youtube.com/watch?v=BgV56neSKuw
356,1,"ìš°ì•„í•œìœ¡ì•„",https://www.youtube.com/@%EC%9A%B0%EC%95%84%ED%95%9C%EC%9C%A1%EC%95%84,https://www.youtube.com/watch?v=4TbUBv1qWAY
357,1,"ì‹¬ì‹¬í•œë¼ì§€",https://www.youtube.com/@%EC%8B%AC%EC%8B%AC%ED%95%9C%EB%8F%BC%EC%A7%80,https://www.youtube.com/watch?v=QnGj7nmGzqE
358,1,"ì–‘í‰ìë‘ì°°ìŠ¤TV",https://www.youtube.com/@%EC%96%91%ED%8F%89%EC%9E%90%EB%9E%91%EC%B0%B0%EC%8A%A4TV,https://www.youtube.com/watch?v=5L-f6Xwlnq8
359,1,"ì½”íˆ¬ë¥´ [Kotour] - ì—¬í–‰ì˜ ëª¨ë“ ê²ƒ",https://www.youtube.com/@%EC%BD%94%ED%88%AC%EB%A5%B4Kotour%EC%97%AC%ED%96%89%EC%9D%98%EB%AA%A8%EB%93%A0%EA%B2%83,https://www.youtube.com/watch?v=Wo83VMUpqA8
360,1,"ë” ë¬¼ë¥˜",https://www.youtube.com/@%EB%8D%94%EB%AC%BC%EB%A5%98,https://www.youtube.com/watch?v=2UtT0ZuPLH0
361,1,"í•˜ì¤€TV Lucky í•œ ì¼ìƒ",https://www.youtube.com/@%ED%95%98%EC%A4%80TVLucky%ED%95%9C%EC%9D%BC%EC%83%81,https://www.youtube.com/watch?v=u9GysJeKEBQ
362,1,"ì—„ì§€ì²™ ìœ íŠœë¸Œì¸ì œë°©ì†¡",https://www.youtube.com/@%EC%97%84%EC%A7%80%EC%B2%99%EC%9C%A0%ED%8A%9C%EB%B8%8C%EC%9D%B8%EC%A0%9C%EB%B0%A9%EC%86%A1,https://www.youtube.com/watch?v=NxC5ohJ6c_U
363,1,"í™ì²œí‚¹ TV",https://www.youtube.com/@%ED%99%8D%EC%B2%9C%ED%82%B9TV,https://www.youtube.com/watch?v=VPiaU4XP3SE
364,1,"í™ì²œë‰´ìŠ¤",https://www.youtube.com/@%ED%99%8D%EC%B2%9C%EB%89%B4%EC%8A%A4,https://www.youtube.com/watch?v=dC-oLYTD__0
365,1,"í™”ìˆ™ì´ì™€í•¨ê»˜ë™ë„¤ë°©ë„¤",https://www.youtube.com/@%ED%99%94%EC%88%99%EC%9D%B4%EC%99%80%ED%95%A8%EA%BB%98%EB%8F%99%EB%84%A4%EB%B0%A9%EB%84%A4,https://www.youtube.com/watch?v=xGdOARe6LI8
366,1,"ë¬¸ê²½ì‹œì²­TV",https://www.youtube.com/@%EB%AC%B8%EA%B2%BD%EC%8B%9C%EC%B2%ADTV,https://www.youtube.com/watch?v=Ly5fpg2uQg0
367,1,"roostgr",https://www.youtube.com/@roostgr,https://www.youtube.com/watch?v=iHaVTET7nN0
368,1,"ì•„ì´ëŒí˜‘íšŒ ê°€ìˆ˜",https://www.youtube.com/@%EC%95%84%EC%9D%B4%EB%8F%8C%ED%98%91%ED%9A%8C%EA%B0%80%EC%88%98,https://www.youtube.com/watch?v=DXZNbySGgXo
369,1,"í”„ë¼ì„TV",https://www.youtube.com/@%ED%94%84%EB%9D%BC%EC%9E%84TV,https://www.youtube.com/watch?v=JU2DGV8P-SM
370,1,"ì‚¬ê³¼ì•„ì €ì”¨",https://www.youtube.com/@%EC%82%AC%EA%B3%BC%EC%95%84%EC%A0%80%EC%94%A8,https://www.youtube.com/watch?v=X1aJzEknOHM
371,1,"ì—¬ìš°ëŒ€ì¥",https://www.youtube.com/@%EC%97%AC%EC%9A%B0%EB%8C%80%EC%9E%A5,https://www.youtube.com/watch?v=CFTJz84NkVo
372,1,"íŒŒíŒŒíŠ¸ë˜ë¸”(PAPATRAVEL)",https://www.youtube.com/@%ED%8C%8C%ED%8C%8C%ED%8A%B8%EB%9E%98%EB%B8%94PAPATRAVEL,https://www.youtube.com/watch?v=rZYb5lFhixU
373,1,"ì• ì£¼ê°€TVì°¸PD",https://www.youtube.com/@%EC%95%A0%EC%A3%BC%EA%B0%80TV%EC%B0%B8PD,https://www.youtube.com/watch?v=AFd3asqUh-E
374,1,"ì˜ë•ì—ì‚°ë‹¤",https://www.youtube.com/@%EC%98%81%EB%8D%95%EC%97%90%EC%82%B0%EB%8B%A4,https://www.youtube.com/watch?v=m2GxeN52vTE
375,1,"ì°½ê°€ì˜ë…¸ë˜",https://www.youtube.com/@%EC%B0%BD%EA%B0%80%EC%9D%98%EB%85%B8%EB%9E%98,https://www.youtube.com/watch?v=l8BmNmYbgoA
376,1,"ë°”ë‹¤ ë‹¤í",https://www.youtube.com/@%EB%B0%94%EB%8B%A4%EB%8B%A4%ED%81%90,https://www.youtube.com/watch?v=jPmO_F7HX9Y
377,1,"kculturechannel",https://www.youtube.com/@kculturechannel,https://www.youtube.com/watch?v=94sD9ybvGR8
378,1,"ê¸ˆì”ë””ì„¸ìƒ ",https://www.youtube.com/@%EA%B8%88%EC%9E%94%EB%94%94%EC%84%B8%EC%83%81,https://www.youtube.com/watch?v=I-KagKESvv0
379,1,"HEY EUGENE (ìœ ì§„ë°•)",https://www.youtube.com/@HEYEUGENE%EC%9C%A0%EC%A7%84%EB%B0%95,https://www.youtube.com/watch?v=dWBelhXxGRw
380,1,"ë‹¤ê²½ë‰´ìŠ¤ TV",https://www.youtube.com/@%EB%8B%A4%EA%B2%BD%EB%89%B4%EC%8A%A4TV,https://www.youtube.com/watch?v=Z4FcbPpqDqA
381,1,"ì œì²œì§€ë…¸TV",https://www.youtube.com/@%EC%A0%9C%EC%B2%9C%EC%A7%80%EB%85%B8TV,https://www.youtube.com/watch?v=7S8b_tJpEts
382,1,"KBSì¶©ë¶",https://www.youtube.com/@KBS%EC%B6%A9%EB%B6%81,https://www.youtube.com/watch?v=mMp9B9YeH-4
383,1,"ì¯”ì–‘ë°–ì •ì›",https://www.youtube.com/@%EC%AF%94%EC%96%91%EB%B0%96%EC%A0%95%EC%9B%90,https://www.youtube.com/watch?v=RzvVSMkl8zw
384,1,"í”½ì‡ :Pick it",https://www.youtube.com/@%ED%94%BD%EC%9E%87Pickit,https://www.youtube.com/watch?v=N0E3NoIs3oU
385,1,"ê²¨ìš°ë¦¬ woori",https://www.youtube.com/@%EA%B2%A8%EC%9A%B0%EB%A6%ACwoori,https://www.youtube.com/watch?v=8znhkx8wBs4
386,1,"ë§›ì°¾ê¾¼ Yummy hunter",https://www.youtube.com/@%EB%A7%9B%EC%B0%BE%EA%BE%BCYummyhunter,https://www.youtube.com/watch?v=c6TCdmmAUIQ
387,1,"[ë ‰ìŠ¤ì„¸ìƒêµ¬ê²½]Rex World",https://www.youtube.com/@%EB%A0%89%EC%8A%A4%EC%84%B8%EC%83%81%EA%B5%AC%EA%B2%BDRexWorld,https://www.youtube.com/watch?v=Z55RKtzAv7I
388,1,"ëš±ì¹˜ ì‹ë‹¹ Busan-Pig",https://www.youtube.com/@%EB%9A%B1%EC%B9%98%EC%8B%9D%EB%8B%B9BusanPig,https://www.youtube.com/watch?v=ARDEJwmak-U
389,1,"í›„ë‹ˆê°•",https://www.youtube.com/@%ED%9B%84%EB%8B%88%EA%B0%95,https://www.youtube.com/watch?v=BhH5DwkL7tU
390,1,"í”„ë¦¬ì›Œì»¤ Free Walker",https://www.youtube.com/@%ED%94%84%EB%A6%AC%EC%9B%8C%EC%BB%A4FreeWalker,https://www.youtube.com/watch?v=svLyuz0rTUY
391,1,"ë–¡ë³¶í€¸ Tteokbokqueen",https://www.youtube.com/@%EB%96%A1%EB%B3%B6%ED%80%B8Tteokbokqueen,https://www.youtube.com/watch?v=tZ13TiMXDlg
392,1,"ìš°ì •ì‰",https://www.youtube.com/@%EC%9A%B0%EC%A0%95%EC%9E%89,https://www.youtube.com/watch?v=CmcHPC7eP9g
393,1,"ê³ ì†Œì˜",https://www.youtube.com/@%EA%B3%A0%EC%86%8C%EC%98%81,https://www.youtube.com/watch?v=QfWMG0v7zQE
394,1,"ê´‘ì¬ì–¸ë‹ˆ",https://www.youtube.com/@%EA%B4%91%EC%9E%AC%EC%96%B8%EB%8B%88,https://www.youtube.com/watch?v=I1v-8s3VERs
395,1,"ë°•ëŒ€ë¦¬",https://www.youtube.com/@%EB%B0%95%EB%8C%80%EB%A6%AC,https://www.youtube.com/watch?v=5dkJiBMwNcU
396,1,"ê·¸ë¦°ë°”í‹€TV",https://www.youtube.com/@%EA%B7%B8%EB%A6%B0%EB%B0%94%ED%8B%80TV,https://www.youtube.com/watch?v=Bv69RPwLHso
397,1,"ê¼¬ê¼¬í• ë°° ë°±ì¼ì„­",https://www.youtube.com/@%EA%BC%AC%EA%BC%AC%ED%95%A0%EB%B0%B0%EB%B0%B1%EC%9D%BC%EC%84%AD,https://www.youtube.com/watch?v=ssU9GEZ_qoQ
398,1,"ê³½íŠœë¸Œ",https://www.youtube.com/@%EA%B3%BD%ED%8A%9C%EB%B8%8C,https://www.youtube.com/watch?v=mAtOKDgBLUU
399,1,"ì •ë³´ì˜ ì‹ ",https://www.youtube.com/@%EC%A0%95%EB%B3%B4%EC%9D%98%EC%8B%A0,https://www.youtube.com/watch?v=VJXxdc8qmT0
400,1,"play ì±„ë„A",https://www.youtube.com/@play%EC%B1%84%EB%84%90A,https://www.youtube.com/watch?v=sEyDL3Dn25c
401,1,"ì´í”¼ë””",https://www.youtube.com/@%EC%9D%B4%ED%94%BC%EB%94%94,https://www.youtube.com/watch?v=ddJdl1AAkqQ
402,1,"6ì‹œ ë‚´ê³ í–¥",https://www.youtube.com/@6%EC%8B%9C%EB%82%B4%EA%B3%A0%ED%96%A5,https://www.youtube.com/watch?v=i1f5JYz9udM
403,1,"ì§ë°©íƒˆ",https://www.youtube.com/@%EC%A7%81%EB%B0%A9%ED%83%88,https://www.youtube.com/watch?v=TlV6X1kkaHc
404,1,"ë¯¸ë””ì–´ ë‚ ",https://www.youtube.com/@%EB%AF%B8%EB%94%94%EC%96%B4%EB%82%A0,https://www.youtube.com/watch?v=Pid7jZ_prMg
405,1,"ì¹´í˜íƒë°© Beanê³µê°„",https://www.youtube.com/@%EC%B9%B4%ED%8E%98%ED%83%90%EB%B0%A9Bean%EA%B3%B5%EA%B0%84,https://www.youtube.com/watch?v=VuSXF_f4q9M
406,1,"ë§›ìˆê² ë‹¤ Yummy",https://www.youtube.com/@%EB%A7%9B%EC%9E%88%EA%B2%A0%EB%8B%A4Yummy,https://www.youtube.com/watch?v=RvxmVFqqGpU
407,1,"ìœ¤ì½”ì¹˜ì˜ ë§›ë§Œ ë³¼ê¹Œ? Coach Yoon",https://www.youtube.com/@%EC%9C%A4%EC%BD%94%EC%B9%98%EC%9D%98%EB%A7%9B%EB%A7%8C%EB%B3%BC%EA%B9%8CCoachYoon,https://www.youtube.com/watch?v=Jcgvin5EZZ4
408,1,"ë¹µíŠœë¸Œ ë½€ë‹ˆ BreadTube",https://www.youtube.com/@%EB%B9%B5%ED%8A%9C%EB%B8%8C%EB%BD%80%EB%8B%88BreadTube,https://www.youtube.com/watch?v=V1K7bBDQrJs
409,1,"ì§ë°©íƒˆí”ŒëŸ¬ìŠ¤",https://www.youtube.com/@%EC%A7%81%EB%B0%A9%ED%83%88%ED%94%8C%EB%9F%AC%EC%8A%A4,https://www.youtube.com/watch?v=hSatIGSQsiY
410,1,"ì‚°êµ°ë§›ë„ë¦¬",https://www.youtube.com/@%EC%82%B0%EA%B5%B0%EB%A7%9B%EB%8F%84%EB%A6%AC,https://www.youtube.com/watch?v=-C68idy-Ibg
411,1,"FOODBOX í‘¸ë“œë°•ìŠ¤ ",https://www.youtube.com/@FOODBOX%ED%91%B8%EB%93%9C%EB%B0%95%EC%8A%A4,https://www.youtube.com/watch?v=_uoQl5FAzDk
412,1,"ìˆ í’€ë ˆì˜¹ Sulpoleon",https://www.youtube.com/@%EC%88%A0%ED%92%80%EB%A0%88%EC%98%B9Sulpoleon,https://www.youtube.com/watch?v=M4sqloBf3tc
413,1,"ì—¬í–‰ìƒê°",https://www.youtube.com/@%EC%97%AC%ED%96%89%EC%83%9D%EA%B0%81,https://www.youtube.com/watch?v=gqLiNssCejw
414,1,"ì¡ì‹ë§¨ JOBXICMAN",https://www.youtube.com/@%EC%9E%A1%EC%8B%9D%EB%A7%A8JOBXICMAN,https://www.youtube.com/watch?v=_rpockEKXVI
415,1,"sookoh ìˆ˜ì½”",https://www.youtube.com/@sookoh%EC%88%98%EC%BD%94,https://www.youtube.com/watch?v=ZY7K7zB4qao
416,1,"ì•„íŒ ahiin",https://www.youtube.com/@%EC%95%84%ED%9E%8Cahiin,https://www.youtube.com/watch?v=HS29CpNy0aw
417,1,"ì—¬í–‰ ë‹¤ë‹¤",https://www.youtube.com/@%EC%97%AC%ED%96%89%EB%8B%A4%EB%8B%A4,https://www.youtube.com/watch?v=ZsOEscWbC7A
418,1,"ì½”ì½”ëšœë ˆ CocoTuore",https://www.youtube.com/@%EC%BD%94%EC%BD%94%EB%9A%9C%EB%A0%88CocoTuore,https://www.youtube.com/watch?v=eyPnsnkAds4
419,1,"ë¨¹ë³´ìŠ¤ ì­ˆì—½ì´",https://www.youtube.com/@%EB%A8%B9%EB%B3%B4%EC%8A%A4%EC%AD%88%EC%97%BD%EC%9D%B4,https://www.youtube.com/watch?v=YZwaSattRi8
420,1,"ìš¸ì‚°ê³ ë˜TV - ìš¸ì‚°ê´‘ì—­ì‹œ ê³µì‹ ì±„ë„ ",https://www.youtube.com/@%EC%9A%B8%EC%82%B0%EA%B3%A0%EB%9E%98TV%EC%9A%B8%EC%82%B0%EA%B4%91%EC%97%AD%EC%8B%9C%EA%B3%B5%EC%8B%9D%EC%B1%84%EB%84%90,https://www.youtube.com/watch?v=rNL_dgAIflI
421,1,"ë©”ë¦¬ë°€í¬ merry milk",https://www.youtube.com/@%EB%A9%94%EB%A6%AC%EB%B0%80%ED%81%ACmerrymilk,https://www.youtube.com/watch?v=lgOXGPJx0zc
422,1,"ë¹…í˜ì´ìŠ¤ BIGFACE",https://www.youtube.com/@%EB%B9%85%ED%8E%98%EC%9D%B4%EC%8A%A4BIGFACE,https://www.youtube.com/watch?v=3O-ja5yUA34
423,1,"í‹°í‹°íŒ¡íŒ¡ TTPP",https://www.youtube.com/@%ED%8B%B0%ED%8B%B0%ED%8C%A1%ED%8C%A1TTPP,https://www.youtube.com/watch?v=bzIL7ztc0U4
424,1,"14F ì¼ì‚¬ì—í”„",https://www.youtube.com/@14F%EC%9D%BC%EC%82%AC%EC%97%90%ED%94%84,https://www.youtube.com/watch?v=e-ZH2yH9oQU
425,1,"ì¤„ì„œëŠ” ë‚¨ì",https://www.youtube.com/@%EC%A4%84%EC%84%9C%EB%8A%94%EB%82%A8%EC%9E%90,https://www.youtube.com/watch?v=CDOEFDnNHMo
426,1,"í—¤ì´í‚¨heykin'couple",https://www.youtube.com/@%ED%97%A4%EC%9D%B4%ED%82%A8heykincouple,https://www.youtube.com/watch?v=_kRvvUCcm8o
427,1,"ë„¤ë£¨ì§±NERU",https://www.youtube.com/@%EB%84%A4%EB%A3%A8%EC%A7%B1NERU,https://www.youtube.com/watch?v=QNkk3tPwnME
428,1,"ì±„ë„ê´‘ì£¼",https://www.youtube.com/@%EC%B1%84%EB%84%90%EA%B4%91%EC%A3%BC,https://www.youtube.com/watch?v=2dQlfBNsxgw
429,1,"ì˜ìš¸ë§›ì§‘",https://www.youtube.com/@%EC%8F%98%EC%9A%B8%EB%A7%9B%EC%A7%91,https://www.youtube.com/watch?v=Z68b7na_Yhs
430,1,"ê´‘ì£¼ë§›ì§‘ë°¥ìª¼",https://www.youtube.com/@%EA%B4%91%EC%A3%BC%EB%A7%9B%EC%A7%91%EB%B0%A5%EC%AA%BC,https://www.youtube.com/watch?v=nI9PVzbya4s
431,1,"ì¿¡í”¼ì•„ Cookpia",https://www.youtube.com/@%EC%BF%A1%ED%94%BC%EC%95%84Cookpia,https://www.youtube.com/watch?v=XLSaulKahBU
432,1,"ì…ì§§ì€í–‡ë‹˜",https://www.youtube.com/@%EC%9E%85%EC%A7%A7%EC%9D%80%ED%96%87%EB%8B%98,https://www.youtube.com/watch?v=VWcBBMrFd_U
433,1,"í† ê¹½ì´ ì•„ì¤Œë§ˆì˜ ì‚´ë¦¼ì¼ê¸°",https://www.youtube.com/@%ED%86%A0%EA%B9%BD%EC%9D%B4%EC%95%84%EC%A4%8C%EB%A7%88%EC%9D%98%EC%82%B4%EB%A6%BC%EC%9D%BC%EA%B8%B0,https://www.youtube.com/watch?v=9Y5nBvr7JF4
434,1,"í…Œì´ìŠ¤íŠ¸ë¦½ Taste & Trip",https://www.youtube.com/@%ED%85%8C%EC%9D%B4%EC%8A%A4%ED%8A%B8%EB%A6%BDTasteTrip,https://www.youtube.com/watch?v=wWo64TcwlV8
435,1,"í•˜ë¯¼ë§˜ì˜ íë§ì¿¡ Hamin Mom's Healing Cook",https://www.youtube.com/@%ED%95%98%EB%AF%BC%EB%A7%98%EC%9D%98%ED%9E%90%EB%A7%81%EC%BF%A1HaminMomsHealingCook,https://www.youtube.com/watch?v=zEOCSEATbwc
436,1,"ë•¡ì¹˜ë©´ë - ì•¼ë§¤ì—¬í–‰ ì „ë¬¸ì±„ë„",https://www.youtube.com/@%EB%95%A1%EC%B9%98%EB%A9%B4%EB%81%9D%EC%95%BC%EB%A7%A4%EC%97%AC%ED%96%89%EC%A0%84%EB%AC%B8%EC%B1%84%EB%84%90,https://www.youtube.com/watch?v=5f2TSs0ssfk
437,1,"ì‚°ì TV ë°¥êµ½ë‚¨",https://www.youtube.com/@%EC%82%B0%EC%A0%81TV%EB%B0%A5%EA%B5%BD%EB%82%A8,https://www.youtube.com/watch?v=TTnbJd0zshM
438,1,"ë˜íŠ¸ë˜ë¸”",https://www.youtube.com/@%EB%98%90%ED%8A%B8%EB%9E%98%EB%B8%94,https://www.youtube.com/watch?v=w8Hf3FHUGhM
439,1,"ë¨¹ë‘ë¦¬,Mukduri",https://www.youtube.com/@%EB%A8%B9%EB%91%90%EB%A6%ACMukduri,https://www.youtube.com/watch?v=DtT887EcsGI
440,1,"tvN STORY í‹°ë¹„ì—” ìŠ¤í† ë¦¬",https://www.youtube.com/@tvNSTORY%ED%8B%B0%EB%B9%84%EC%97%94%EC%8A%A4%ED%86%A0%EB%A6%AC,https://www.youtube.com/watch?v=zK1tpPT3rMM
441,1,"ì±„ë„S",https://www.youtube.com/@%EC%B1%84%EB%84%90S,https://www.youtube.com/watch?v=yOPXDaewkos
442,1,"í•œëˆˆì— ê²½ì œí•™",https://www.youtube.com/@%ED%95%9C%EB%88%88%EC%97%90%EA%B2%BD%EC%A0%9C%ED%95%99,https://www.youtube.com/watch?v=DI9Z2xjnUQ4
443,1,"ã…¤ê±°ì œë„ ìµœêµ°ì˜ íšŸì§‘ TV",https://www.youtube.com/@%EA%B1%B0%EC%A0%9C%EB%8F%84%EC%B5%9C%EA%B5%B0%EC%9D%98%ED%9A%9F%EC%A7%91TV,https://www.youtube.com/watch?v=SBSMwHkcJNY
444,1,"ìŠ¤í‘¼ì—… Spoon UP",https://www.youtube.com/@%EC%8A%A4%ED%91%BC%EC%97%85SpoonUP,https://www.youtube.com/watch?v=GAof4EY_g94
445,1,"ì „êµ­ìˆ˜ì‚°ì‹œì¥",https://www.youtube.com/@%EC%A0%84%EA%B5%AD%EC%88%98%EC%82%B0%EC%8B%9C%EC%9E%A5,https://www.youtube.com/watch?v=ArVaKHiAJgE
446,1,"ë§›ìˆëŠ” ë…€ì„ë“¤ (Tasty Guys)",https://www.youtube.com/@%EB%A7%9B%EC%9E%88%EB%8A%94%EB%85%80%EC%84%9D%EB%93%A4TastyGuys,https://www.youtube.com/watch?v=W6yR5vgq5Eg
447,1,"í•œêµ­ë§›ì§‘ì—¬í–‰",https://www.youtube.com/@%ED%95%9C%EA%B5%AD%EB%A7%9B%EC%A7%91%EC%97%AC%ED%96%89,https://www.youtube.com/watch?v=AVcGAbPeusE
448,1,"í•œêµ­ë§›ì§‘K",https://www.youtube.com/@%ED%95%9C%EA%B5%AD%EB%A7%9B%EC%A7%91K,https://www.youtube.com/watch?v=SBjdizwqC6o
449,1,"Eating what is Given ì˜¤ìŠ¤í‹´",https://www.youtube.com/@EatingwhatisGiven%EC%98%A4%EC%8A%A4%ED%8B%B4,https://www.youtube.com/watch?v=sEW9OJ4F8ls
450,1,"EBS ë°©ë°©ê³¡ê³¡",https://www.youtube.com/@EBS%EB%B0%A9%EB%B0%A9%EA%B3%A1%EA%B3%A1,https://www.youtube.com/watch?v=f_v8SpTzMmg

